,and,or,the,for,i,of,a,is,'s,in,at,we,you,it,to,with,there,was,.,that,an,he,nothing,but,course,be,as,down,they,from,if,about,had,now,above,'ve,not,would,this,which,here,should,been,your,through,me,everything,right,take,out,first,away,my,were,deposited,over,such,contained,several,three,paper,still,enough,without,old,hanging,upon,sailing,laid,very,quietly,strolled,together,shall,bottom,leaving,steel,metal,somewhere,else,life,hours,always,street,loudly,hold,slow,leaning,uncertain,naturally,passing,watching,kill,nerves,drawn,cap,shake,weapon,torn,delay,dressed,suit,station,becomes,smoke,shouting,violent,scattered,existence,suspected,books,umbrellas,soft,otherwise,cloth,humming,reminded,clock,importance,box,proud,funny,destroy,nicer,filling,aunt,disgrace,passage,insulted,flows,mortal,ticking,photograph,shimmering,transported,missing,retaining,apparently,arranging,roots,deadly,strand,literature,packages,petty,university,seduced,historical,skeleton,nourishing,despoiled,historic,fleet,juicy,discs,forgetful,banished,coins,colder,stifled,ever-changing,extraneous,hacked,small-pox,tilting,heather,kaleidoscope,double-edged,tweed,harrow,ebbs
and,3302500,147144,3331036,378257,578140,1709427,1112963,207416,227365,855053,306360,135277,226469,503339,1337145,479699,156453,636779,1316698,633265,135111,639978,30995,259232,15511,233234,405108,89707,267383,210536,121373,86208,428186,86819,17498,11749,234960,141865,168959,225530,43295,54018,117822,64426,52805,173384,13110,28114,35757,135177,49191,50210,217305,232552,799,78153,57749,1786,12137,33458,6833,40600,21054,44391,63569,3307,103242,845,10955,89495,3640,817,24105,31745,4688,5999,2081,1219,2329,9646,44619,9798,29360,12574,1129,10586,3560,2684,1297,3075,5464,4267,3283,1135,5018,2996,2469,1182,2838,2037,5627,3395,3885,1517,4854,1997,2524,2733,3324,1462,6990,264,6326,2912,2644,502,1254,1773,2200,5134,4596,930,1424,175,1059,6046,1454,4681,687,417,1717,198,311,252,836,966,262,2604,475,1462,1446,466,1281,277,784,675,209,432,450,81,237,235,1786,144,28,288,751,384,273,310,49,49,168,81,137,405,45,22,113,96,32
or,147144,162520,269472,37159,53221,166576,106995,24860,17716,79074,26535,11946,23554,48019,126877,36462,13985,49929,106332,58916,14508,48461,3740,26348,1605,29396,36525,5177,24317,19090,15205,7730,33635,6422,1500,900,31966,16542,15371,23135,3500,6501,11870,6182,3676,14234,863,2248,3529,9643,3915,3503,17050,20352,60,5091,6724,178,1092,6182,519,2929,1931,6959,4831,216,8286,72,602,6811,247,53,1638,3843,406,473,144,126,380,2209,4196,1119,3338,1019,64,923,279,154,206,357,478,337,455,77,369,179,176,129,182,233,342,281,347,208,285,79,232,230,419,183,685,16,326,565,155,18,91,133,253,336,306,49,193,16,52,390,158,408,74,56,188,20,28,10,104,92,13,232,26,114,89,35,157,21,87,74,36,62,26,7,25,25,152,10,1,19,56,36,20,23,1,5,7,7,11,24,1,2,0,13,3
the,3331036,269472,8322513,584019,729922,3562638,1616049,355249,372267,1518715,532041,191451,255845,728189,2124409,722381,217893,1051444,2271217,1003525,223991,899106,42256,429009,27133,341873,641961,130568,383209,404111,170572,122755,720059,118770,35005,11803,370345,204199,261517,460691,53752,81745,203183,66910,99290,195199,15052,43449,47168,198577,104316,69085,254514,375024,1849,124203,80869,3694,19923,55202,11474,66696,29647,69102,104792,5387,182726,1557,15253,120979,5102,1344,30496,38295,11928,11329,3446,2374,3602,11815,66161,16000,39442,25654,1828,14908,5460,4724,1925,4724,10110,7986,4085,1791,9117,3662,3381,2335,4696,3864,6287,4489,7790,2773,8434,2866,3743,4970,6656,2689,9515,346,8938,4534,3879,861,2172,4154,4459,9418,5296,1032,2201,189,1932,6537,2256,10654,1093,938,2756,622,671,497,1689,1925,440,4927,856,2484,2383,1061,2171,417,1281,1465,385,910,968,105,372,544,3931,204,58,360,1158,576,336,499,81,89,178,112,205,890,61,18,129,107,55
for,378257,37159,584019,401561,161678,300248,238567,54505,51773,158477,57772,30631,68663,124089,289263,76638,34052,135072,281861,149398,32533,138754,9073,66307,3751,61032,86122,11677,52755,34156,31483,15243,100515,18875,2469,3514,70562,39038,42039,47666,9354,15049,31748,18674,7277,50147,2598,5338,8638,23604,11924,8098,54894,39060,118,11110,14398,328,2935,7349,1119,7271,7422,9664,11332,450,18257,185,1913,19084,606,115,3804,8258,729,1438,292,175,508,2768,11240,3504,6719,1969,172,2206,573,289,213,643,921,1030,752,238,733,357,369,245,451,552,786,784,685,252,487,211,464,280,815,343,1222,37,694,867,403,63,201,298,459,890,784,163,276,32,153,1282,228,758,96,72,385,44,58,24,138,238,58,646,144,185,225,56,276,32,148,153,31,78,67,18,21,49,294,26,2,47,142,48,30,39,9,7,17,10,21,51,2,4,15,9,6
i,578140,53221,729922,161678,1258736,408053,337448,85550,72984,250679,98475,37179,224745,229783,528927,128836,46379,204831,607948,289514,43777,131319,14562,140853,7875,105699,161265,22242,43693,57992,84548,35377,143803,41513,3852,21034,144517,66984,73287,67814,24713,43364,45704,47831,12518,152463,4390,13237,19141,43107,19276,15357,227182,42338,83,19916,22270,338,3414,8457,2009,12029,11019,14794,17551,668,30099,209,2648,36557,1216,241,4827,30438,1427,1926,282,235,1136,5395,15832,3258,12212,2663,163,4325,777,504,282,956,1336,1250,1833,370,919,521,764,371,516,585,1065,1108,1098,257,883,297,604,238,854,757,2118,11,1078,1392,361,92,500,480,604,1293,1688,416,437,75,185,2641,400,1134,206,63,539,33,103,32,142,246,81,499,103,282,345,84,301,44,134,193,39,67,87,17,23,40,241,18,4,80,122,55,44,65,1,5,19,15,32,172,0,1,18,25,12
of,1709427,166576,3562638,300248,408053,2879127,1052910,200291,186731,784658,249513,96089,145876,393147,1081153,381505,118175,543452,1142806,556404,145070,461928,26672,233081,26756,196454,338479,48942,185350,196884,90655,58507,371098,61745,16194,6282,209592,109666,167901,260257,27868,45941,112919,45060,42374,112245,8083,19716,24172,109639,49035,28664,159681,192476,831,52703,54817,2091,12196,28906,6300,32539,16588,39583,49835,2490,86937,661,6365,68232,2066,493,14481,21272,5575,4931,2101,1611,1832,6953,48767,8512,22612,10445,724,8468,2845,1800,1144,3059,5105,3189,1763,1106,4479,1829,1552,1042,2698,1964,3320,2751,3472,1688,4191,1197,2263,2474,5276,1876,6128,185,4369,2673,2196,389,1849,1401,3852,3983,4331,544,1193,117,821,3598,1565,4664,630,298,1661,278,418,268,968,870,322,2681,413,1113,1240,413,1684,224,926,992,265,653,451,59,276,389,2036,95,29,315,717,333,87,275,54,44,71,64,96,391,39,7,80,54,23
a,1112963,106995,1616049,238567,337448,1052910,1652243,145464,147124,538171,183574,67568,135436,310164,733131,297214,99987,401871,827074,354834,93459,364712,16585,164427,9731,136510,249607,41808,108484,127031,76133,49262,253914,43195,10607,8345,145059,84199,95974,156777,24103,31543,72870,29951,30063,91654,5580,15200,18856,69489,26251,22375,106049,98679,518,41562,47169,1233,6319,17969,5399,19733,12891,27684,36340,2152,60895,491,5091,58825,1625,406,9868,12239,3099,3246,1440,899,1859,4857,24890,5773,16464,8636,472,5297,2229,1672,728,1674,3773,2242,1651,726,3186,2422,1361,954,1357,1084,3884,2595,2332,1134,2990,855,1851,1314,2270,887,3165,135,3618,1732,2060,346,781,1261,1435,4131,2435,747,571,114,565,3102,831,3444,274,179,1160,128,403,147,420,539,172,1984,270,711,876,337,631,138,453,543,109,251,414,37,79,158,978,76,14,109,294,179,92,232,21,14,64,40,68,242,41,18,100,50,10
is,207416,24860,355249,54505,85550,200291,145464,316959,27896,101454,28915,18190,51888,124039,171379,41420,34959,24115,195375,119160,20011,68975,5861,46778,2820,40260,52458,4966,19364,21227,21821,9290,14500,13271,1694,1619,50587,10590,39039,36815,9947,8020,10042,18053,3636,23006,2115,5027,4472,10775,5719,3679,34271,8183,62,5956,9407,172,741,2625,740,4723,4198,5606,6823,218,9331,64,626,15168,306,21,1490,5691,577,361,164,140,363,1830,7559,809,5716,852,81,1274,354,118,185,452,528,215,466,107,477,186,188,117,155,180,292,363,294,588,262,69,273,116,711,127,694,14,396,535,173,26,88,175,530,399,579,213,225,49,57,646,195,497,49,115,283,15,42,12,54,155,34,215,35,93,156,43,333,13,106,139,23,109,46,19,9,52,88,11,0,20,55,25,28,24,3,8,5,14,9,24,3,2,6,6,7
's,227365,17716,372267,51773,72984,186731,147124,27896,294427,106928,42230,14125,36299,89560,169464,51638,27011,77305,206967,94769,20011,85115,4386,37804,2619,29749,52178,8387,23049,25362,17926,11824,52324,11898,1611,3336,31971,16062,22759,24824,7588,6939,17069,10623,5322,18866,1643,5405,4579,15717,6431,5068,26876,20113,102,9174,6896,203,1058,3410,850,4200,3889,4865,9936,429,11072,87,1369,11360,419,76,2183,2662,487,741,201,92,402,1584,6011,1016,4126,1622,115,1342,423,293,122,406,604,503,331,200,523,383,262,173,283,321,516,623,381,147,352,147,228,182,403,231,789,31,590,354,219,44,198,299,306,712,501,262,112,48,93,1904,150,457,46,32,185,41,76,28,77,141,38,337,66,102,144,83,107,45,66,86,12,64,63,6,10,24,182,10,0,28,69,40,26,33,5,3,14,8,14,42,6,2,9,12,1
in,855053,79074,1518715,158477,250679,784658,538171,101454,106928,1010898,128264,55432,92633,217363,555586,189773,77964,291369,605359,297069,71841,269220,14164,121571,8609,107180,179138,29474,100878,85451,53078,33838,199779,33940,7138,4444,113553,61277,88368,128127,17066,24768,60420,28161,18981,67012,5744,11274,13541,50004,24328,16816,98142,95134,538,27136,29669,935,5902,15006,3463,17849,8965,18330,28447,1487,40337,349,3939,39154,1347,316,8679,11952,2103,2773,779,532,1435,4368,23931,5398,13496,7587,382,3952,1541,1215,566,1280,2744,1854,992,422,2245,1229,790,487,1045,771,3299,1769,1808,693,1742,628,1123,1026,2084,754,3298,119,2307,1470,1084,192,615,800,1233,2708,1619,310,480,60,415,2324,577,2530,237,177,792,135,203,109,369,441,152,1523,307,556,595,243,784,125,367,450,61,281,271,25,57,120,721,57,14,99,251,158,74,149,21,22,46,27,61,206,19,6,63,36,18
at,306360,26535,532041,57772,98475,249513,183574,28915,42230,128264,310014,22235,34915,77759,204124,71105,22885,106965,234158,104384,24541,111654,5011,45458,2622,36455,63730,12904,38116,31185,20571,12917,71724,12525,2290,1679,43215,23452,31477,40293,5788,9128,20402,9328,7598,29272,1653,3998,5076,19647,13877,6937,35493,32781,159,10439,9559,240,2069,5711,1087,5997,3296,7116,9533,578,15119,121,1375,15057,632,134,3104,3772,2033,1121,239,145,371,1361,5612,2128,4600,2894,193,1314,554,512,227,439,1037,782,422,176,741,360,348,240,329,383,688,491,1061,196,590,275,384,311,524,261,842,19,700,489,302,68,227,524,349,864,561,142,149,20,154,1025,152,804,74,41,199,34,79,26,134,174,37,558,90,197,181,94,172,37,109,210,16,59,80,8,10,45,251,8,11,30,75,51,30,39,2,3,21,10,30,42,5,1,17,14,5
we,135277,11946,191451,30631,37179,96089,67568,18190,14125,55432,22235,195178,20522,40772,101293,25490,10607,27772,116663,51264,9074,21497,2698,24558,1902,21560,34085,5803,11744,13084,15780,7110,28538,8678,1055,3249,23261,9769,14494,16409,6036,7129,8092,4865,3917,8291,923,2674,3834,10273,4089,3420,10728,23047,22,5093,3927,98,847,2568,327,2629,2224,3051,3537,141,6175,131,515,6936,276,68,3742,8480,424,450,91,69,266,870,2454,975,2343,691,31,914,228,96,58,239,370,223,404,30,213,81,144,43,113,146,192,234,371,101,267,83,107,141,221,82,299,23,245,302,117,16,90,94,132,261,248,83,129,16,58,368,72,422,26,27,81,4,23,6,30,75,8,134,36,83,66,30,70,15,47,31,8,20,28,6,6,22,96,2,0,8,34,13,19,12,1,0,6,5,4,45,0,0,7,3,1
you,226469,23554,255845,68663,224745,145876,135436,51888,36299,92633,34915,20522,597030,99565,237092,53815,20897,36898,255028,117675,16996,57690,6203,52998,3749,55672,63509,8020,17589,20844,59484,16261,27848,20167,1080,12384,58565,32138,31648,18700,15800,14757,16238,65627,4159,77519,2474,7869,13082,17767,6541,6756,53893,20255,31,7227,9172,76,516,2893,807,3968,4958,6103,8040,243,9220,71,710,15260,636,26,1984,15488,447,592,108,58,475,2757,5994,889,5877,1017,80,2198,308,162,97,383,365,342,1495,100,276,197,418,83,202,258,281,541,308,214,302,82,195,78,272,234,820,20,387,523,89,22,186,165,248,544,785,226,248,60,65,1213,223,283,108,30,244,17,57,5,54,97,41,133,41,124,106,35,79,15,46,42,18,24,37,5,11,8,57,7,1,44,38,21,10,17,2,1,8,10,7,11,1,4,3,9,2
it,503339,48019,728189,124089,229783,393147,310164,124039,89560,217363,77759,40772,99565,717052,426974,109085,41948,245650,437045,238501,40784,166655,10916,107388,6370,99225,133492,18853,54451,53341,61747,27923,124096,26686,4062,5595,103597,59913,53502,59862,11787,24335,41196,22133,12367,61771,3332,10262,14288,38018,15061,12192,66916,43157,198,20487,18379,798,2570,6765,2325,10460,9026,13505,14402,729,27731,205,2767,30125,867,108,4181,9733,1533,1426,416,334,803,4040,11848,2523,9709,2466,197,3471,904,459,331,941,1192,875,1142,314,1147,529,628,371,559,481,721,937,710,718,912,241,567,419,1020,580,1259,28,1295,1308,576,88,456,492,748,1354,1047,601,465,107,233,1490,376,1029,114,142,479,57,134,65,124,276,72,709,107,310,294,93,314,31,153,165,19,97,117,26,18,48,257,25,2,31,103,68,93,69,9,18,39,17,44,70,6,3,12,30,14
to,1337145,126877,2124409,289263,528927,1081153,733131,171379,169464,555586,204124,101293,237092,426974,2095254,289638,97438,457306,987902,508152,104292,488206,28122,223093,13546,265742,303716,49025,171484,147784,113330,58922,328022,61397,8818,11118,222688,127250,141827,184480,28908,52594,92763,58579,28061,172728,8797,22161,38200,85055,38845,31222,181792,134228,384,43016,47623,1085,8072,18822,4130,24799,25052,34608,38818,1565,64925,497,5208,63737,2432,494,12079,22853,3095,4875,860,582,1591,8509,31894,6750,22247,7143,600,8863,2158,1239,957,2584,3318,2232,3279,767,2788,1278,1754,745,1391,2114,2387,2727,3074,1019,2049,850,1683,1053,2771,1268,3921,95,2378,2604,940,247,841,1065,2298,2975,2968,576,1501,139,549,4748,1083,3135,379,160,1112,118,186,83,623,581,187,1875,318,696,710,280,840,141,500,499,122,245,230,30,84,159,1120,58,10,146,449,173,103,162,20,37,77,37,67,154,13,5,37,58,21
with,479699,36462,722381,76638,128836,381505,297214,41420,51638,189773,71105,25490,53815,109085,289638,443693,28179,140190,315388,140197,39489,150824,7039,60669,3402,48509,89497,17592,49133,44170,26633,17247,97326,17493,3634,2126,53822,30892,39240,62252,8456,12221,26402,14371,10854,43603,2526,5378,7040,27416,10862,10378,50876,44532,199,16057,14614,379,2782,7243,1779,8787,4388,8432,15081,1019,25075,184,2152,19623,688,183,4777,5645,1014,1441,571,364,436,1966,9238,2019,6612,2820,197,2159,870,880,325,567,1219,1141,649,308,1337,836,767,494,676,402,1509,772,851,275,997,368,586,557,690,375,1570,68,1519,706,903,141,305,418,585,1300,912,224,213,29,492,1498,321,999,122,96,426,37,89,77,192,196,65,761,126,287,374,128,244,84,156,130,32,88,113,14,33,65,453,30,5,54,124,92,30,89,9,11,40,27,28,103,10,5,26,15,13
there,156453,13985,217893,34052,46379,118175,99987,34959,27011,77964,22885,10607,20897,41948,97438,28179,156966,79420,122840,59528,12623,41437,6222,29430,1618,27890,32115,6104,18303,14518,13721,8789,31252,7288,1470,1047,23086,12684,13238,19178,6451,4859,12581,4614,3389,12282,1056,2275,2567,9767,3372,3124,14072,25246,46,5579,5749,106,1166,2889,450,3609,2633,2840,5053,326,7140,69,596,6821,264,43,1405,2171,496,344,144,97,494,1493,3035,785,3017,1057,56,735,181,163,63,215,399,338,191,65,332,135,124,66,165,187,286,199,270,85,412,146,136,229,262,119,553,22,435,263,191,45,91,148,141,385,230,76,88,29,63,420,76,371,26,35,111,30,26,12,32,114,14,250,34,90,97,33,78,23,47,53,5,22,49,1,5,21,126,15,2,9,22,15,16,27,2,3,7,7,7,36,4,0,7,3,5
was,636779,49929,1051444,135072,204831,543452,401871,24115,77305,291369,106965,27772,36898,245650,457306,140190,79420,799230,513347,286026,54733,271986,12296,118648,6384,67624,145319,20394,55464,65876,36307,30885,164199,29317,5282,1374,104999,43550,67639,91786,10754,18059,39724,8982,13649,52602,4614,8915,8324,37477,21753,13862,68689,61921,258,22079,20273,657,3789,9069,1942,16084,10097,13258,20949,1068,31038,302,2753,38512,989,186,4639,2025,1632,1815,505,413,941,3702,13663,3132,11188,4202,304,2559,1258,882,455,1151,2013,1622,838,392,1927,909,506,429,897,774,2364,991,1237,111,1209,568,925,549,1048,897,1496,40,1698,1236,851,142,564,601,820,1581,1821,391,277,64,299,2203,447,1461,226,29,575,95,124,72,359,459,69,1283,188,283,497,142,332,63,212,258,65,88,150,22,39,68,585,27,5,73,259,82,69,99,17,16,32,27,26,96,10,5,29,23,6
.,1316698,106332,2271217,281861,607948,1142806,827074,195375,206967,605359,234158,116663,255028,437045,987902,315388,122840,513347,1898526,471790,109656,532787,28528,233786,15996,187264,293010,54429,178150,149235,102703,65524,324775,67807,11126,16841,224283,110250,145339,153278,36919,42241,95683,58484,33988,147156,9666,24397,27727,91157,39167,34511,173495,149636,534,50598,39865,1389,8731,22650,5158,30211,19513,31446,43722,1925,69899,580,6561,72147,3095,559,14036,25411,3296,4277,1273,877,2219,8265,30529,7201,23683,9069,774,7295,2572,1903,891,2374,3673,3333,2713,1044,3415,1698,1580,994,1817,1645,3343,2344,2636,1067,2800,963,1601,1540,2499,1398,4085,112,3679,2348,1399,316,1109,1399,1819,3631,3062,941,897,155,642,5288,876,3405,397,185,1150,151,345,149,445,812,163,2377,349,803,1012,338,894,173,476,531,119,328,328,48,101,198,1072,74,19,162,364,236,152,230,23,29,71,37,87,261,21,14,66,47,16
that,633265,58916,1003525,149398,289514,556404,354834,119160,94769,297069,104384,51264,117675,238501,508152,140197,59528,286026,471790,795477,49300,270207,14487,115253,7009,118306,140138,19005,91356,72851,52526,29374,193851,32822,5078,4859,131931,78684,70597,80344,13693,39673,55377,26862,14407,79163,5011,11335,13766,38713,19901,14230,85478,71863,169,20388,28654,762,3583,9069,1790,13021,9793,16364,18487,779,36248,262,2579,34619,1000,135,6123,12970,1376,1831,510,310,1084,4406,17975,3205,11916,3166,301,3890,988,502,332,1285,1806,1206,1444,468,1481,539,750,397,775,786,1118,1354,1126,520,907,346,846,494,1532,981,1914,48,1373,1496,536,104,736,476,934,1232,1475,388,597,64,247,1912,480,1372,170,173,789,68,99,60,244,411,79,841,118,376,474,125,442,47,252,239,48,115,136,25,42,84,497,22,5,75,214,68,59,96,13,19,24,19,45,49,8,3,12,15,12
an,135111,14508,223991,32533,43777,145070,93459,20011,20011,71841,24541,9074,16996,40784,104292,39489,12623,54733,109656,49300,142642,50530,2150,22188,1274,19314,34621,5054,14159,16426,10039,6239,34573,5234,1262,1095,19793,11470,13870,22408,3130,4505,10404,4162,3587,12275,727,2008,2513,8641,3492,2791,13938,12798,59,5092,6978,168,835,2318,511,2538,1740,3782,9141,222,7907,60,587,5927,181,66,1221,1486,346,491,125,91,206,695,3404,636,2192,1034,52,695,259,208,162,272,383,285,201,91,381,218,168,139,166,224,389,295,308,189,273,73,196,157,439,161,408,20,313,264,156,31,101,198,276,467,303,62,84,6,63,524,101,391,47,25,138,22,31,13,64,78,32,317,42,70,87,33,101,9,66,90,26,65,35,3,8,25,123,5,2,16,39,17,11,24,2,7,3,4,11,20,2,1,8,4,2
he,639978,48461,899106,138754,131319,461928,364712,68975,85115,269220,111654,21497,57690,166655,488206,150824,41437,271986,532787,270207,50530,994717,11668,114109,5826,80215,166439,25670,42750,66114,61566,29942,222377,28406,4081,2728,111819,74588,54960,79832,12330,24517,47507,13021,14200,60935,4070,10570,12358,44980,17730,16482,43393,44415,255,22347,18471,491,3529,8089,2311,13273,8423,15388,18754,780,34307,189,3595,31383,1500,292,4969,7351,1254,2162,523,263,893,3809,13552,3006,10996,3788,424,3607,1026,957,480,921,1644,1548,1739,318,1361,878,799,570,722,705,1676,1314,1154,424,850,480,813,350,993,1012,1824,33,1204,1201,591,160,569,479,758,1672,1602,354,399,57,288,1121,461,1191,206,50,571,53,112,26,222,329,95,1070,166,303,417,137,259,60,191,264,68,74,116,14,37,45,433,23,8,77,189,121,64,94,5,10,44,27,54,51,6,6,27,14,1
nothing,30995,3740,42256,9073,14562,26672,16585,5861,4386,14164,5011,2698,6203,10916,28122,7039,6222,12296,28528,14487,2150,11668,33634,12148,438,5633,7407,853,4176,3037,2915,2628,8705,1566,248,375,4588,3526,3546,4260,786,1294,2302,1454,577,4101,419,369,634,1922,723,769,4348,2697,3,870,1073,53,145,423,96,633,386,814,935,44,1390,14,116,1563,68,11,267,620,75,105,15,18,34,1380,926,191,458,153,9,192,46,24,21,77,90,40,57,21,54,24,37,10,23,34,42,56,41,25,72,12,37,22,70,51,103,1,49,59,29,7,17,33,71,63,56,12,22,3,11,103,21,50,7,1,19,8,8,0,4,20,4,83,7,16,15,2,29,1,20,8,1,7,8,2,3,4,18,1,0,7,8,6,4,1,1,1,1,0,1,5,0,0,0,0,0
but,259232,26348,429009,66307,140853,233081,164427,46778,37804,121571,45458,24558,52998,107388,223093,60669,29430,118648,233786,115253,22188,114109,12148,280869,4050,46353,65455,9089,44297,28886,24186,13009,73479,16043,2239,2838,80954,29546,31850,32473,6825,11288,21226,12200,6010,34367,2004,4912,5943,17389,8662,7328,39609,32979,59,8768,10307,257,1769,4009,725,8106,5494,7261,8386,347,14265,89,1187,17209,591,51,2478,5829,628,788,234,153,439,2237,6809,1350,5745,1308,138,1737,605,230,243,525,682,480,690,186,602,238,326,267,312,353,516,478,421,259,434,158,396,298,574,340,792,17,688,749,228,59,181,195,373,530,681,154,258,43,87,940,233,574,91,48,288,24,47,18,87,164,48,505,37,135,217,60,141,14,117,88,22,63,54,12,29,32,237,19,4,38,79,38,34,46,2,7,14,11,14,38,1,0,14,9,3
course,15511,1605,27133,3751,7875,26756,9731,2820,2619,8609,2622,1902,3749,6370,13546,3402,1618,6384,15996,7009,1274,5826,438,4050,17894,2945,4008,514,2309,1655,1527,861,4229,748,102,227,3494,2123,1986,2452,340,786,1297,774,413,1464,150,346,572,1034,534,354,2183,1688,4,549,672,5,108,255,41,363,265,440,463,15,769,15,55,1035,27,4,135,328,35,64,7,2,19,124,399,102,410,60,5,101,33,10,20,53,46,34,16,7,23,15,16,5,9,14,28,25,28,15,14,9,27,13,41,22,37,2,9,36,4,1,7,6,23,37,35,18,11,2,8,80,7,37,3,5,19,1,1,0,7,17,3,15,2,6,7,4,14,5,9,30,3,1,3,0,0,7,25,1,0,0,5,2,1,1,0,0,0,0,0,4,2,0,0,0,0
be,233234,29396,341873,61032,105699,196454,136510,40260,29749,107180,36455,21560,55672,99225,265742,48509,27890,67624,187264,118306,19314,80215,5633,46353,2945,263001,61668,5995,33038,22774,34697,9723,41451,12474,1511,1580,55520,49395,29171,31798,6948,23432,12734,14810,4006,25914,1833,4645,5406,13501,6536,4980,31669,21972,83,6469,11689,166,1153,3202,688,4973,4673,6805,6539,234,11182,94,986,14069,377,42,2227,14449,445,604,163,100,479,2126,6272,1221,5290,997,69,1278,381,137,162,540,555,341,459,114,649,168,187,123,344,351,423,471,393,227,265,98,264,177,593,377,688,23,389,898,149,29,185,173,400,416,932,103,242,53,91,809,222,429,87,30,269,20,41,7,135,152,36,282,63,98,151,51,162,17,101,81,21,62,44,9,24,37,126,13,1,26,108,21,26,32,1,12,12,13,10,16,2,1,4,7,6
as,405108,36525,641961,86122,161265,338479,249607,52458,52178,179138,63730,34085,63509,133492,303716,89497,32115,145319,293010,140138,34621,166439,7407,65455,4008,61668,494630,14942,65108,43133,48686,17928,103425,18823,3660,2784,63307,35466,40150,48361,8286,14590,30964,15211,10271,41100,2729,5831,7718,26370,10915,9850,50041,53170,152,14186,24153,335,2300,5721,1206,8236,4932,9170,13019,582,23382,152,1960,18797,961,204,4189,7104,950,1364,435,237,438,2583,9795,1747,7107,2562,259,2295,678,544,331,859,1135,985,624,270,1019,499,496,287,479,455,1151,669,724,432,754,280,495,418,873,440,1151,42,1246,881,434,110,246,490,617,883,982,204,215,38,176,1227,281,877,96,95,454,67,65,47,153,196,55,658,115,222,251,104,272,55,147,121,26,82,96,20,42,49,281,23,7,42,113,72,44,39,8,10,17,20,15,53,10,3,23,14,8
down,89707,5177,130568,11677,22242,48942,41808,4966,8387,29474,12904,5803,8020,18853,49025,17592,6104,20394,54429,19005,5054,25670,853,9089,514,5995,14942,62410,9666,8513,4411,2989,14320,2972,826,536,6579,4697,4909,7752,2042,1494,3474,1965,2488,6167,388,1301,1304,5787,1691,2034,7742,6776,25,3710,1412,22,387,1118,339,1464,715,1418,2536,270,5721,58,1336,2634,226,73,912,758,457,233,75,33,145,259,1011,366,738,1431,35,445,188,197,40,53,266,197,120,28,230,133,131,55,160,48,181,100,135,27,244,86,83,94,89,23,174,7,265,58,103,32,39,86,32,245,85,40,34,5,43,238,21,342,10,26,47,8,9,14,19,28,2,106,14,80,58,42,17,14,11,23,2,4,20,0,3,4,56,4,1,8,6,5,12,14,1,1,6,1,14,32,2,0,1,1,2
they,267383,24317,383209,52755,43693,185350,108484,19364,23049,100878,38116,11744,17589,54451,171484,49133,18303,55464,178150,91356,14159,42750,4176,44297,2309,33038,65108,9666,301719,25415,22643,11363,64435,10140,1970,2223,40590,24513,17589,30381,4842,8793,15881,4103,6301,17022,1477,3425,4855,16692,6231,6477,14158,64358,81,8102,7746,178,1648,4478,459,4645,3333,5760,6291,323,12824,137,1069,11271,417,129,5806,3221,560,745,208,126,282,1381,3764,1111,4355,1512,130,1521,406,236,138,434,675,530,795,92,510,132,287,105,278,255,532,313,472,89,419,266,235,342,323,199,713,30,494,487,217,23,131,111,237,413,422,155,291,29,96,395,114,603,73,78,182,21,8,13,108,109,29,340,41,192,152,60,116,22,96,49,15,37,51,12,46,12,245,14,6,23,70,34,14,31,3,2,19,7,9,27,2,1,7,3,6
from,210536,19090,404111,34156,57992,196884,127031,21227,25362,85451,31185,13084,20844,53341,147784,44170,14518,65876,149235,72851,16426,66114,3037,28886,1655,22774,43133,8513,25415,190330,11683,7830,52885,8435,2468,843,26875,13707,20611,35052,4324,5701,14635,6102,5204,17797,1071,2437,3696,12296,6453,9547,23066,22024,108,6721,6054,211,1432,3552,872,4121,1914,4919,5907,460,10952,132,855,8502,323,75,1753,2770,720,660,260,171,334,842,4790,1032,2568,1640,95,1015,345,303,146,320,693,503,223,117,912,276,186,187,602,218,392,258,639,148,841,207,274,275,415,213,655,21,545,336,262,58,125,165,249,638,338,49,128,11,117,593,177,700,52,81,204,18,60,39,156,129,39,372,37,185,189,63,120,34,91,85,46,49,53,2,23,29,285,15,1,24,195,38,15,46,7,8,11,4,16,42,0,1,7,7,8
if,121373,15205,170572,31483,84548,90655,76133,21821,17926,53078,20571,15780,59484,61747,113330,26633,13721,36307,102703,52526,10039,61566,2915,24186,1527,34697,48686,4411,22643,11683,133468,6004,37375,6622,748,1586,31528,29997,14694,11719,4300,10991,14063,10809,2460,23431,841,2948,4695,9423,2981,3493,21050,21968,30,4118,5055,83,420,1562,368,2933,2648,3154,3691,150,6097,40,502,6461,323,23,1158,5154,299,362,83,43,273,1273,3390,534,2236,568,55,1018,202,117,72,203,248,236,713,57,276,118,203,59,138,199,203,239,188,155,183,44,128,113,262,164,340,12,241,345,85,15,75,120,141,265,288,74,133,27,31,434,119,225,45,14,153,14,21,2,49,80,23,132,20,60,72,25,63,7,37,22,11,21,17,3,3,4,50,5,0,9,50,18,18,17,0,4,4,5,11,12,1,0,3,1,1
about,86208,7730,122755,15243,35377,58507,49262,9290,11824,33838,12917,7110,16261,27923,58922,17247,8789,30885,65524,29374,6239,29942,2628,13009,861,9723,17928,2989,11363,7830,6004,78902,19298,3880,639,1172,10976,6101,7917,9542,1985,2425,5437,3067,1619,9778,875,1259,1395,5100,1993,1632,9597,9150,17,2659,2264,64,546,1787,281,1475,1163,1627,2923,247,3309,34,292,4382,174,99,780,873,208,275,75,44,202,637,1471,565,1589,471,36,335,130,77,67,130,185,169,105,27,160,112,63,51,93,66,262,124,182,49,141,64,94,239,92,70,430,7,182,125,89,29,64,89,81,192,102,105,25,10,31,376,43,161,12,13,37,9,14,7,26,58,4,159,34,51,36,18,49,12,22,34,4,16,18,1,1,4,48,1,1,13,19,11,5,10,0,2,7,2,3,14,1,1,1,1,2
had,428186,33635,720059,100515,143803,371098,253914,14500,52324,199779,71724,28538,27848,124096,328022,97326,31252,164199,324775,193851,34573,222377,8705,73479,4229,41451,103425,14320,64435,52885,37375,19298,518154,22882,3036,1930,72093,39036,41770,73346,6130,13308,97886,6019,10612,37366,2931,5095,5659,27588,15451,11188,45986,43413,239,14616,14606,456,3747,7722,1392,9004,6602,9209,14595,613,24824,174,2329,21331,754,176,4539,1357,919,1714,320,206,648,2356,11794,3112,7419,2683,203,1862,611,438,257,791,1112,957,628,312,1701,481,341,338,862,464,1018,675,938,73,629,248,641,464,974,721,1346,42,844,796,414,73,527,344,583,1051,818,161,251,55,167,1522,271,1050,178,27,443,32,123,19,203,269,55,966,110,218,292,118,201,40,145,190,90,56,119,16,47,40,397,19,7,50,178,67,44,61,7,7,31,12,31,45,2,0,22,17,5
now,86819,6422,118770,18875,41513,61745,43195,13271,11898,33940,12525,8678,20167,26686,61397,17493,7288,29317,67807,32822,5234,28406,1566,16043,748,12474,18823,2972,10140,8435,6622,3880,22882,85072,664,1185,12463,6909,8982,10229,2765,2881,6951,4478,1944,10810,558,1622,2006,5174,2283,2039,12695,8527,18,3064,2423,53,358,1169,226,1709,1157,1673,2735,109,4475,33,349,3715,186,24,879,2366,186,244,71,56,107,479,2009,419,1295,425,50,456,155,106,49,99,223,176,175,41,176,92,107,60,110,90,141,204,99,42,174,73,65,83,142,65,191,9,210,138,61,16,50,75,100,153,194,33,55,5,42,260,53,169,15,10,58,7,7,12,26,40,11,94,20,46,56,19,29,1,24,37,5,10,19,1,13,8,53,6,2,12,26,9,12,9,0,2,5,1,3,16,3,0,2,2,0
above,17498,1500,35005,2469,3852,16194,10607,1694,1611,7138,2290,1055,1080,4062,8818,3634,1470,5282,11126,5078,1262,4081,248,2239,102,1511,3660,826,1970,2468,748,639,3036,664,12283,35,1922,854,1305,2704,327,345,895,318,589,1156,110,250,167,934,383,280,1537,1911,7,756,472,19,118,386,32,403,143,270,412,64,1144,16,48,629,23,1,127,119,92,39,26,20,28,90,236,88,198,107,16,81,20,30,5,23,66,51,16,9,49,25,7,11,18,7,26,15,46,8,102,29,18,41,28,9,40,4,87,26,26,11,8,15,16,27,26,2,5,1,14,17,5,40,3,6,14,4,8,12,7,4,7,35,2,26,14,4,7,0,8,3,0,3,3,1,1,0,20,0,0,0,5,1,0,3,0,0,0,0,3,3,0,0,1,0,1
've,11749,900,11803,3514,21034,6282,8345,1619,3336,4444,1679,3249,12384,5595,11118,2126,1047,1374,16841,4859,1095,2728,375,2838,227,1580,2784,536,2223,843,1586,1172,1930,1185,35,21886,1200,567,1461,301,1050,229,3747,1584,326,2641,222,522,399,1314,361,388,2793,371,1,603,355,0,82,229,41,130,533,200,446,23,125,2,62,518,25,2,113,225,17,18,6,3,54,161,390,92,604,62,1,102,25,5,1,12,11,39,31,10,5,7,16,4,12,3,16,24,22,2,11,4,1,4,10,21,87,0,26,7,5,2,3,17,6,26,34,20,3,6,4,60,5,8,9,0,7,1,0,0,1,7,1,8,3,6,1,1,5,2,3,2,2,1,6,0,0,0,3,1,0,0,0,0,0,0,0,0,0,2,0,1,0,0,1,1,0
not,234960,31966,370345,70562,144517,209592,145059,50587,31971,113553,43215,23261,58565,103597,222688,53822,23086,104999,224283,131931,19793,111819,4588,80954,3494,55520,63307,6579,40590,26875,31528,10976,72093,12463,1922,1200,301746,35354,32134,36627,6224,14289,23014,13998,4756,34394,1437,3792,6372,13872,6886,6065,40470,29835,57,6626,11533,197,1432,3274,597,5402,5355,8299,7011,265,13119,78,921,15802,484,43,2169,7173,509,722,162,94,336,1873,6630,1292,4559,1140,121,1633,492,187,170,562,568,430,805,152,490,194,293,160,234,338,465,517,430,213,309,118,371,157,590,384,747,17,491,896,190,30,188,142,453,405,632,113,301,15,79,837,233,537,87,40,284,11,42,5,85,145,36,486,25,109,165,33,194,11,98,92,24,58,42,10,7,27,128,5,0,36,72,27,23,40,4,8,10,11,15,14,3,0,3,6,0
would,141865,16542,204199,39038,66984,109666,84199,10590,16062,61277,23452,9769,32138,59913,127250,30892,12684,43550,110250,78684,11470,74588,3526,29546,2123,49395,35466,4697,24513,13707,29997,6101,39036,6909,854,567,35354,159470,15043,17830,2950,7822,16304,6740,2707,21113,1019,2179,5507,9488,3673,3739,19801,15272,25,4574,7418,106,660,1825,419,2795,2390,4009,4238,156,7305,62,520,7601,280,27,1441,862,312,417,85,45,249,1437,3737,910,2570,695,51,1071,206,89,81,400,343,263,664,73,297,123,293,96,161,275,218,419,303,40,213,70,155,67,332,235,398,17,252,715,97,25,91,108,179,288,399,79,227,33,51,548,160,256,41,13,162,12,32,1,51,82,18,138,31,92,108,24,73,8,52,37,9,31,30,4,10,14,76,10,0,11,58,11,15,17,2,4,4,6,6,13,0,0,2,4,0
this,168959,15371,261517,42039,73287,167901,95974,39039,22759,88368,31477,14494,31648,53502,141827,39240,13238,67639,145339,70597,13870,54960,3546,31850,1986,29171,40150,4909,17589,20611,14694,7917,41770,8982,1305,1461,32134,15043,182018,25425,5217,6941,14240,7988,3855,20674,957,2537,4156,10399,5445,3434,24603,15131,66,5462,6386,205,1187,2518,699,3253,2424,4382,5098,214,10522,57,748,10259,269,45,1573,4453,428,561,115,107,219,1083,4956,845,2597,881,74,1000,269,157,118,331,488,265,312,137,399,147,195,146,168,280,273,492,276,179,226,90,254,138,452,218,437,10,264,402,160,25,166,129,329,447,358,131,150,12,60,517,142,584,45,27,220,18,31,10,54,110,19,333,52,90,112,29,146,16,65,60,19,64,44,6,11,32,124,4,1,17,57,15,13,26,3,9,7,2,8,15,2,0,4,3,0
which,225530,23135,460691,47666,67814,260257,156777,36815,24824,128127,40293,16409,18700,59862,184480,62252,19178,91786,153278,80344,22408,79832,4260,32473,2452,31798,48361,7752,30381,35052,11719,9542,73346,10229,2704,301,36627,17830,25425,203627,3965,7049,21575,5696,7242,19552,1231,2911,3650,12801,7295,4262,25183,29166,161,8317,7193,677,2101,4163,1139,5072,2412,6215,6972,344,16593,94,1196,12484,272,72,2251,3065,761,763,231,216,201,1009,5870,1376,3919,1607,90,1074,377,263,181,591,812,376,256,156,796,332,222,225,318,296,522,516,480,312,528,110,419,340,718,233,905,24,548,526,338,52,245,206,487,741,468,60,212,18,132,505,181,908,69,92,232,37,64,20,124,125,55,465,62,172,184,57,225,37,141,83,29,102,84,14,23,54,229,10,6,28,100,55,20,39,7,10,9,2,14,24,10,2,10,7,6
here,43295,3500,53752,9354,24713,27868,24103,9947,7588,17066,5788,6036,15800,11787,28908,8456,6451,10754,36919,13693,3130,12330,786,6825,340,6948,8286,2042,4842,4324,4300,1985,6130,2765,327,1050,6224,2950,5217,3965,48876,1456,3195,3443,881,6136,293,936,1142,3122,1011,1050,6997,3718,16,1555,1072,30,218,700,206,686,582,800,1454,71,1788,13,179,1836,77,17,398,1402,81,115,30,23,113,332,949,186,603,230,27,232,43,25,29,68,94,76,98,14,68,45,47,13,46,32,54,56,71,20,94,43,36,85,52,17,158,7,86,58,37,7,18,30,35,105,82,24,35,10,18,151,18,88,12,13,44,5,7,7,7,29,2,54,6,36,16,11,23,8,11,13,2,8,14,0,0,12,12,0,0,3,5,5,4,5,0,1,1,0,2,19,0,0,1,1,1
should,54018,6501,81745,15049,43364,45941,31543,8020,6939,24768,9128,7129,14757,24335,52594,12221,4859,18059,42241,39673,4505,24517,1294,11288,786,23432,14590,1494,8793,5701,10991,2425,13308,2881,345,229,14289,7822,6941,7049,1456,58178,5180,3511,919,8428,377,1026,2023,3284,1744,1244,10641,5482,9,1515,3228,36,239,809,150,1101,950,1815,1483,46,3148,11,242,3339,102,9,576,739,79,196,25,16,63,589,1531,279,1007,212,21,428,52,27,39,112,122,87,241,23,118,32,59,25,46,138,83,128,129,34,45,22,54,15,132,90,162,5,78,260,40,3,38,31,114,108,178,29,90,6,17,214,66,100,20,9,62,1,14,0,33,31,20,59,20,16,22,12,40,6,20,19,5,7,11,2,2,4,49,0,1,9,29,8,3,7,0,1,2,1,1,6,0,0,1,3,2
been,117822,11870,203183,31748,45704,112919,72870,10042,17069,60420,20402,8092,16238,41196,92763,26402,12581,39724,95683,55377,10404,47507,2302,21226,1297,12734,30964,3474,15881,14635,14063,5437,97886,6951,895,3747,23014,16304,14240,21575,3195,5180,121134,3635,2823,10891,838,1399,1488,7016,4125,2944,14555,11501,87,3910,4971,130,1133,2364,340,2455,1963,2959,4165,186,6236,46,579,7072,176,24,1306,1022,290,371,102,66,175,798,3924,989,3010,646,48,409,198,116,81,253,337,395,137,91,450,99,69,87,317,148,248,179,262,58,160,60,190,156,332,197,406,14,194,419,106,9,115,84,186,262,327,40,74,17,69,410,107,315,64,8,139,9,30,6,86,104,25,242,35,58,82,28,86,7,47,62,30,34,38,7,27,25,112,2,1,14,58,26,12,25,3,2,13,3,5,12,0,0,5,5,1
your,64426,6182,66910,18674,47831,45060,29951,18053,10623,28161,9328,4865,65627,22133,58579,14371,4614,8982,58484,26862,4162,13021,1454,12200,774,14810,15211,1965,4103,6102,10809,3067,6019,4478,318,1584,13998,6740,7988,5696,3443,3511,3635,99972,1025,14443,474,1611,3506,4246,1577,1394,13202,3720,6,1775,2258,29,122,783,203,998,1086,1664,1957,64,3142,13,196,3171,151,3,467,3958,119,211,74,21,81,483,2578,232,1180,188,18,845,64,32,21,97,109,60,159,79,101,69,123,28,75,83,63,152,125,65,74,14,42,33,124,43,283,5,113,141,30,8,21,43,95,133,180,51,82,12,28,476,79,91,30,11,60,4,11,2,12,35,22,30,22,36,37,4,18,9,9,9,2,2,15,1,2,4,26,6,0,10,19,5,9,2,0,0,3,2,0,6,0,1,0,6,1
through,52805,3676,99290,7277,12518,42374,30063,3636,5322,18981,7598,3917,4159,12367,28061,10854,3389,13649,33988,14407,3587,14200,577,6010,413,4006,10271,2488,6301,5204,2460,1619,10612,1944,589,326,4756,2707,3855,7242,881,919,2823,1025,39419,3388,263,740,542,3253,1187,1147,4821,4750,22,1914,1146,23,312,694,156,936,469,1149,1369,88,2623,46,178,1602,93,38,505,514,188,165,77,44,43,183,1250,339,561,529,29,189,100,82,30,47,677,166,56,49,157,46,58,23,94,46,101,26,98,30,297,66,49,112,95,17,134,9,233,73,39,24,29,47,37,107,69,12,16,3,29,67,21,482,2,35,44,6,2,26,18,30,3,76,10,55,48,22,19,4,16,13,4,7,6,3,3,12,45,2,1,3,9,6,3,6,0,1,5,0,2,31,1,0,0,2,0
me,173384,14234,195199,50147,152463,112245,91654,23006,18866,67012,29272,8291,77519,61771,172728,43603,12282,52602,147156,79163,12275,60935,4101,34367,1464,25914,41100,6167,17022,17797,23431,9778,37366,10810,1156,2641,34394,21113,20674,19552,6136,8428,10891,14443,3388,235428,1224,3087,6236,12226,5199,4819,62719,11741,31,5590,5685,107,826,2148,532,3162,3041,4211,4907,199,10291,49,775,9541,298,37,1364,5562,270,638,72,43,256,1392,4400,805,3401,629,42,1256,195,174,66,233,358,408,900,72,228,139,239,111,125,169,260,414,341,87,183,95,202,56,213,162,573,6,330,374,105,16,324,107,180,349,381,82,144,9,67,832,133,299,95,10,137,9,33,4,57,61,14,167,22,70,116,13,52,13,36,44,22,7,17,3,7,6,50,3,1,36,44,16,7,14,0,0,5,4,5,18,0,0,6,4,3
everything,13110,863,15052,2598,4390,8083,5580,2115,1643,5744,1653,923,2474,3332,8797,2526,1056,4614,9666,5011,727,4070,419,2004,150,1833,2729,388,1477,1071,841,875,2931,558,110,222,1437,1019,957,1231,293,377,838,474,263,1224,11257,335,256,759,256,306,1202,917,1,459,331,22,27,92,32,253,134,283,309,19,448,6,47,571,22,3,112,186,29,37,5,8,12,540,365,48,288,34,1,59,26,15,12,23,24,22,15,8,22,10,6,7,9,10,24,23,16,17,27,5,11,9,27,9,85,0,30,12,16,2,10,20,19,17,24,5,9,2,5,58,2,13,1,1,10,2,4,1,4,7,1,19,4,6,7,1,14,1,1,5,0,1,3,1,3,2,3,0,0,3,4,0,2,1,1,1,0,1,2,2,0,0,0,0,1
right,28114,2248,43449,5338,13237,19716,15200,5027,5405,11274,3998,2674,7869,10262,22161,5378,2275,8915,24397,11335,2008,10570,369,4912,346,4645,5831,1301,3425,2437,2948,1259,5095,1622,250,522,3792,2179,2537,2911,936,1026,1399,1611,740,3087,335,29257,734,1991,641,875,3783,2357,9,1094,716,10,107,421,68,403,464,583,703,41,1217,7,131,1040,35,8,187,511,94,61,34,22,32,162,410,56,518,148,10,237,33,44,17,28,96,49,58,9,50,27,50,24,32,31,32,60,43,15,43,16,13,25,20,18,55,3,44,40,41,6,7,28,21,63,65,21,12,2,6,98,19,81,6,4,24,1,0,4,4,14,1,24,1,18,16,6,1,0,9,3,2,5,7,2,0,4,7,2,0,2,5,2,0,2,0,0,2,2,2,6,0,1,0,0,0
take,35757,3529,47168,8638,19141,24172,18856,4472,4579,13541,5076,3834,13082,14288,38200,7040,2567,8324,27727,13766,2513,12358,634,5943,572,5406,7718,1304,4855,3696,4695,1395,5659,2006,167,399,6372,5507,4156,3650,1142,2023,1488,3506,542,6236,256,734,33123,2894,944,1582,6073,2254,1,1086,1160,23,148,519,127,465,601,877,981,34,1555,13,130,1452,67,4,300,1392,75,105,19,9,77,302,776,162,539,147,9,371,64,19,29,66,63,48,112,15,53,33,36,11,28,52,34,126,104,23,35,7,46,13,42,10,91,6,29,77,31,4,15,19,34,96,62,6,36,4,9,130,11,94,8,4,21,0,11,0,6,7,4,24,12,14,6,2,13,3,12,11,5,4,3,0,6,1,16,0,0,4,2,1,3,1,1,0,3,3,2,4,0,0,0,0,0
out,135177,9643,198577,23604,43107,109639,69489,10775,15717,50004,19647,10273,17767,38018,85055,27416,9767,37477,91157,38713,8641,44980,1922,17389,1034,13501,26370,5787,16692,12296,9423,5100,27588,5174,934,1314,13872,9488,10399,12801,3122,3284,7016,4246,3253,12226,759,1991,2894,108912,2979,3040,14115,11641,43,4754,3029,81,718,2071,633,2172,1572,2565,4231,262,6194,62,974,4789,280,78,1380,1571,386,485,107,65,252,666,2197,648,1724,1278,80,870,177,243,56,145,390,292,227,63,375,176,189,66,199,97,338,167,276,68,461,162,140,109,192,73,342,14,291,161,149,30,63,134,63,494,166,59,58,13,88,431,64,341,28,20,69,13,23,20,30,68,11,170,30,117,58,37,40,30,28,28,4,18,42,1,4,12,88,4,4,12,27,27,8,21,3,1,9,6,7,31,1,0,6,10,3
first,49191,3915,104316,11924,19276,49035,26251,5719,6431,24328,13877,4089,6541,15061,38845,10862,3372,21753,39167,19901,3492,17730,723,8662,534,6536,10915,1691,6231,6453,2981,1993,15451,2283,383,361,6886,3673,5445,7295,1011,1744,4125,1577,1187,5199,256,641,944,2979,43682,1039,7269,5555,21,1733,1405,72,322,1055,175,888,560,1156,1355,58,2779,25,252,2613,80,15,524,791,100,173,39,23,46,206,1395,230,753,298,18,221,99,45,46,113,143,78,136,18,128,44,52,49,53,60,100,86,104,41,69,34,80,53,103,60,177,3,93,66,44,12,60,45,73,130,68,20,34,5,25,164,24,134,16,8,31,3,20,2,26,41,6,85,5,13,26,9,46,7,16,34,7,19,16,1,2,10,81,2,0,3,13,6,3,10,1,1,3,3,2,10,2,0,3,0,0
away,50210,3503,69085,8098,15357,28664,22375,3679,5068,16816,6937,3420,6756,12192,31222,10378,3124,13862,34511,14230,2791,16482,769,7328,354,4980,9850,2034,6477,9547,3493,1632,11188,2039,280,388,6065,3739,3434,4262,1050,1244,2944,1394,1147,4819,306,875,1582,3040,1039,39167,5120,4391,17,1662,1128,30,245,740,114,966,475,1188,1443,70,2164,25,252,1769,167,51,444,684,83,349,28,13,154,269,950,295,567,268,31,215,76,58,37,45,163,122,85,18,128,57,49,32,149,33,61,51,83,21,190,49,36,47,47,31,100,8,154,65,37,18,29,53,30,151,60,16,31,4,19,154,22,100,12,10,48,12,8,5,5,20,6,76,6,33,27,10,7,5,9,9,1,4,16,1,2,2,32,2,0,11,15,6,4,9,0,1,4,0,3,8,0,0,0,4,0
my,217305,17050,254514,54894,227182,159681,106049,34271,26876,98142,35493,10728,53893,66916,181792,50876,14072,68689,173495,85478,13938,43393,4348,39609,2183,31669,50041,7742,14158,23066,21050,9597,45986,12695,1537,2793,40470,19801,24603,25183,6997,10641,14555,13202,4821,62719,1202,3783,6073,14115,7269,5120,296480,15369,53,7119,6997,149,1107,2849,759,4334,2995,5299,6494,266,14477,61,1393,11095,425,60,1750,7861,475,845,159,102,246,1372,9638,1148,3568,729,59,1590,250,239,109,313,488,414,503,318,389,270,276,215,278,257,332,446,430,119,306,120,225,91,486,157,853,7,447,431,151,38,130,168,223,518,517,73,182,8,71,2179,191,404,65,32,235,15,40,10,67,97,28,168,49,114,121,23,81,19,55,72,28,15,39,7,8,13,89,3,0,37,68,19,15,22,2,2,8,8,15,79,0,0,7,12,5
were,232552,20352,375024,39060,42338,192476,98679,8183,20113,95134,32781,23047,20255,43157,134228,44532,25246,61921,149636,71863,12798,44415,2697,32979,1688,21972,53170,6776,64358,22024,21968,9150,43413,8527,1911,371,29835,15272,15131,29166,3718,5482,11501,3720,4750,11741,917,2357,2254,11641,5555,4391,15369,200056,115,6768,6903,234,2312,5077,562,4949,2676,4161,5815,418,10817,131,858,10342,346,48,3494,818,473,551,214,164,269,853,3406,1087,3358,1348,111,782,350,201,155,297,747,572,256,200,810,207,148,89,397,197,726,219,428,59,457,224,277,579,337,213,852,32,544,393,274,41,127,148,271,395,405,84,110,20,119,437,147,515,89,8,154,25,23,15,152,179,25,387,46,144,162,48,95,58,76,62,37,27,56,10,27,26,244,19,6,13,109,49,19,38,4,2,15,6,9,45,4,4,8,4,2
deposited,799,60,1849,118,83,831,518,62,102,538,159,22,31,198,384,199,46,258,534,169,59,255,3,59,4,83,152,25,81,108,30,17,239,18,7,1,57,25,66,161,16,9,87,6,22,31,1,9,1,43,21,17,53,115,547,29,8,1,5,20,4,18,4,20,28,0,61,0,6,26,3,0,3,8,2,5,0,2,1,1,10,2,4,4,0,3,1,2,0,1,0,0,1,0,2,4,0,0,2,2,0,1,8,1,0,1,1,2,0,2,6,0,1,2,3,0,1,1,1,18,1,1,0,0,0,0,0,2,0,0,1,0,0,0,4,2,2,3,0,0,0,0,1,2,0,0,0,0,0,0,0,0,1,0,0,0,0,0,0,0,0,0,0,0,1,0,0,0,0,0,0
over,78153,5091,124203,11110,19916,52703,41562,5956,9174,27136,10439,5093,7227,20487,43016,16057,5579,22079,50598,20388,5092,22347,870,8768,549,6469,14186,3710,8102,6721,4118,2659,14616,3064,756,603,6626,4574,5462,8317,1555,1515,3910,1775,1914,5590,459,1094,1086,4754,1733,1662,7119,6768,29,59060,1556,50,399,1182,328,1421,696,1267,2226,377,3138,63,442,2465,157,44,752,714,230,215,81,62,76,277,1092,422,825,437,37,396,139,428,31,81,355,277,83,46,238,155,116,31,101,44,164,161,109,41,239,70,59,290,76,34,265,8,286,72,125,22,32,66,53,164,119,43,20,8,46,206,25,151,13,17,45,8,12,15,19,38,11,121,11,73,56,23,21,10,27,9,2,9,23,3,6,6,51,5,1,11,16,7,6,9,0,2,1,1,15,20,0,0,6,8,0
such,57749,6724,80869,14398,22270,54817,47169,9407,6896,29669,9559,3927,9172,18379,47623,14614,5749,20273,39865,28654,6978,18471,1073,10307,672,11689,24153,1412,7746,6054,5055,2264,14606,2423,472,355,11533,7418,6386,7193,1072,3228,4971,2258,1146,5685,331,716,1160,3029,1405,1128,6997,6903,8,1556,52067,55,341,644,115,902,804,1620,1653,73,3338,29,198,3002,80,9,501,1247,116,148,42,28,55,402,1709,249,1113,299,31,373,102,35,37,162,134,66,104,48,135,51,54,54,49,80,121,93,81,53,68,42,119,46,212,63,209,9,138,158,43,10,38,30,154,101,185,66,50,5,19,178,58,92,15,10,87,2,3,6,23,21,13,72,13,31,55,6,49,4,49,26,5,11,5,4,2,8,34,2,0,12,17,6,5,8,1,2,2,1,2,5,0,0,2,2,1
contained,1786,178,3694,328,338,2091,1233,172,203,935,240,98,76,798,1085,379,106,657,1389,762,168,491,53,257,5,166,335,22,178,211,83,64,456,53,19,0,197,106,205,677,30,36,130,29,23,107,22,10,23,81,72,30,149,234,1,50,55,1459,33,71,40,33,20,33,50,2,84,0,7,73,1,0,18,10,3,8,2,8,0,10,39,12,15,15,0,8,1,2,0,4,7,2,1,0,7,1,1,1,5,2,2,8,2,1,1,0,0,5,5,3,25,0,2,2,4,0,0,1,1,52,0,0,0,0,2,6,0,8,0,0,1,0,1,0,3,4,0,4,0,1,1,0,4,7,1,0,0,1,0,0,0,0,3,0,0,0,0,4,0,1,0,0,0,0,1,0,0,0,0,0,0
several,12137,1092,19923,2935,3414,12196,6319,741,1058,5902,2069,847,516,2570,8072,2782,1166,3789,8731,3583,835,3529,145,1769,108,1153,2300,387,1648,1432,420,546,3747,358,118,82,1432,660,1187,2101,218,239,1133,122,312,826,27,107,148,718,322,245,1107,2312,5,399,341,33,9193,276,52,184,117,270,330,21,682,4,64,543,17,7,171,89,24,36,4,26,14,43,155,271,153,91,9,40,16,7,7,12,48,30,10,3,40,10,8,7,19,8,33,19,22,6,17,6,30,27,14,10,79,2,17,22,8,2,5,5,13,35,5,5,5,0,7,26,4,22,7,3,4,2,3,1,3,16,0,28,6,18,6,2,7,6,3,7,0,0,8,0,0,1,10,0,2,0,3,1,2,1,0,1,0,0,0,0,0,0,1,2,0
three,33458,6182,55202,7349,8457,28906,17969,2625,3410,15006,5711,2568,2893,6765,18822,7243,2889,9069,22650,9069,2318,8089,423,4009,255,3202,5721,1118,4478,3552,1562,1787,7722,1169,386,229,3274,1825,2518,4163,700,809,2364,783,694,2148,92,421,519,2071,1055,740,2849,5077,20,1182,644,71,276,26208,112,511,383,674,1088,58,1595,19,181,1314,49,13,647,425,101,121,34,14,25,105,399,770,280,227,9,138,33,22,14,28,74,70,67,13,91,42,16,18,28,32,76,47,69,10,57,19,45,37,36,17,138,1,48,30,44,3,10,64,26,128,35,10,10,1,10,80,11,78,4,4,29,2,5,5,15,28,1,60,4,19,17,8,12,8,6,19,2,8,8,0,0,1,61,1,0,3,13,5,2,2,0,1,2,2,1,3,0,0,0,0,1
paper,6833,519,11474,1119,2009,6300,5399,740,850,3463,1087,327,807,2325,4130,1779,450,1942,5158,1790,511,2311,96,725,41,688,1206,339,459,872,368,281,1392,226,32,41,597,419,699,1139,206,150,340,203,156,532,32,68,127,633,175,114,759,562,4,328,115,40,52,112,5804,127,48,145,181,13,405,1,91,313,7,1,53,66,19,12,10,8,16,34,62,27,66,73,2,35,12,7,2,6,22,13,3,0,24,37,5,0,44,7,7,12,11,12,6,3,3,15,9,7,62,2,29,11,22,0,4,10,10,73,6,9,5,0,5,17,3,11,2,0,5,2,7,0,0,5,0,13,3,5,2,2,8,3,1,3,1,2,4,0,0,0,2,1,0,0,0,2,0,0,0,1,1,1,1,0,0,0,0,0,0
still,40600,2929,66696,7271,12029,32539,19733,4723,4200,17849,5997,2629,3968,10460,24799,8787,3609,16084,30211,13021,2538,13273,633,8106,363,4973,8236,1464,4645,4121,2933,1475,9004,1709,403,130,5402,2795,3253,5072,686,1101,2455,998,936,3162,253,403,465,2172,888,966,4334,4949,18,1421,902,33,184,511,127,33966,525,912,1301,96,2263,8,157,1831,75,14,338,461,102,143,33,24,73,195,798,242,460,266,23,251,102,71,47,45,88,143,43,35,104,37,41,30,51,44,62,60,88,18,107,38,51,61,88,30,87,3,124,49,30,20,24,53,46,62,77,13,19,4,17,89,24,93,13,9,26,14,11,6,13,20,33,69,4,29,41,11,10,1,11,7,5,11,21,1,3,7,18,4,1,1,13,12,8,7,0,0,3,0,3,11,0,0,1,0,0
enough,21054,1931,29647,7422,11019,16588,12891,4198,3889,8965,3296,2224,4958,9026,25052,4388,2633,10097,19513,9793,1740,8423,386,5494,265,4673,4932,715,3333,1914,2648,1163,6602,1157,143,533,5355,2390,2424,2412,582,950,1963,1086,469,3041,134,464,601,1572,560,475,2995,2676,4,696,804,20,117,383,48,525,22819,704,1022,33,931,8,90,1015,50,8,225,385,62,64,15,14,34,157,496,111,389,120,21,216,37,17,7,89,41,44,61,21,41,25,28,14,22,21,45,57,30,13,25,6,19,15,34,23,69,1,59,39,19,2,16,15,28,46,54,14,15,2,8,71,21,54,5,2,24,2,0,3,9,11,3,32,3,11,17,3,11,3,9,8,0,3,1,0,2,2,20,2,0,1,3,1,3,3,0,0,1,0,1,5,0,0,0,0,0
without,44391,6959,69102,9664,14794,39583,27684,5606,4865,18330,7116,3051,6103,13505,34608,8432,2840,13258,31446,16364,3782,15388,814,7261,440,6805,9170,1418,5760,4919,3154,1627,9209,1673,270,200,8299,4009,4382,6215,800,1815,2959,1664,1149,4211,283,583,877,2565,1156,1188,5299,4161,20,1267,1620,33,270,674,145,912,704,37730,1075,47,2379,13,178,1937,108,15,442,848,99,283,36,20,51,222,1201,281,644,257,22,224,62,50,28,82,154,77,81,31,83,54,27,46,43,554,67,46,76,18,86,20,74,48,91,49,116,8,74,96,35,3,27,32,70,90,61,17,35,4,21,115,41,121,17,3,49,6,0,1,22,44,15,106,17,24,32,4,16,2,29,19,6,9,8,1,6,10,42,0,0,3,8,6,3,5,0,2,6,2,4,4,0,1,0,2,0
old,63569,4831,104792,11332,17551,49835,36340,6823,9936,28447,9533,3537,8040,14402,38818,15081,5053,20949,43722,18487,9141,18754,935,8386,463,6539,13019,2536,6291,5907,3691,2923,14595,2735,412,446,7011,4238,5098,6972,1454,1483,4165,1957,1369,4907,309,703,981,4231,1355,1443,6494,5815,28,2226,1653,50,330,1088,181,1301,1022,1075,54375,116,2898,22,289,3389,103,24,629,661,137,199,33,29,88,307,1453,222,1032,480,29,255,112,126,31,81,185,110,86,20,136,142,87,26,109,34,180,118,109,37,121,41,58,77,80,43,292,16,142,68,75,18,59,107,39,201,154,51,20,12,30,306,39,100,16,10,39,22,13,4,17,25,16,63,13,61,28,8,26,6,10,29,5,20,18,1,2,21,19,2,1,9,17,11,6,3,0,2,3,3,3,6,0,1,3,1,2
hanging,3307,216,5387,450,668,2490,2152,218,429,1487,578,141,243,729,1565,1019,326,1068,1925,779,222,780,44,347,15,234,582,270,323,460,150,247,613,109,64,23,265,156,214,344,71,46,186,64,88,199,19,41,34,262,58,70,266,418,0,377,73,2,21,58,13,96,33,47,116,2113,206,1,15,129,3,1,27,19,6,6,2,3,2,15,46,9,49,21,3,20,8,11,0,2,7,13,0,0,6,14,3,4,18,1,21,11,2,2,15,2,2,5,2,2,11,2,13,6,11,1,3,8,1,12,5,0,1,0,2,8,2,10,0,0,5,0,0,1,0,0,0,4,5,3,3,0,0,0,1,0,0,1,0,0,0,1,1,0,0,1,1,0,0,0,0,0,0,0,1,1,1,0,0,0,0
upon,103242,8286,182726,18257,30099,86937,60895,9331,11072,40337,15119,6175,9220,27731,64925,25075,7140,31038,69899,36248,7907,34307,1390,14265,769,11182,23382,5721,12824,10952,6097,3309,24824,4475,1144,125,13119,7305,10522,16593,1788,3148,6236,3142,2623,10291,448,1217,1555,6194,2779,2164,14477,10817,61,3138,3338,84,682,1595,405,2263,931,2379,2898,206,84812,53,1413,4458,166,33,970,1425,256,371,135,119,75,390,2253,495,1224,682,65,711,167,312,83,169,299,241,188,113,345,126,112,115,222,100,219,114,173,65,224,71,176,172,206,70,263,5,382,166,173,25,62,112,127,286,196,28,81,1,46,188,92,214,22,13,109,13,29,25,25,35,22,186,21,59,88,49,44,18,27,18,4,17,30,0,6,8,86,6,2,11,28,16,7,7,4,3,9,1,13,33,4,0,6,7,3
sailing,845,72,1557,185,209,661,491,64,87,349,121,131,71,205,497,184,69,302,580,262,60,189,14,89,15,94,152,58,137,132,40,34,174,33,16,2,78,62,57,94,13,11,46,13,46,49,6,7,13,62,25,25,61,131,0,63,29,0,4,19,1,8,8,13,22,1,53,644,1,30,2,0,10,6,3,6,2,0,2,0,9,4,14,4,0,2,3,0,0,0,1,5,2,1,1,1,0,0,4,6,2,3,0,2,4,2,2,3,1,0,1,0,4,2,0,0,0,0,1,1,0,1,0,0,0,0,0,12,0,0,0,0,0,0,0,1,0,3,0,2,1,1,0,0,0,0,0,0,0,0,1,0,19,0,0,0,1,0,0,0,0,0,0,0,0,0,0,0,0,0,0
laid,10955,602,15253,1913,2648,6365,5091,626,1369,3939,1375,515,710,2767,5208,2152,596,2753,6561,2579,587,3595,116,1187,55,986,1960,1336,1069,855,502,292,2329,349,48,62,921,520,748,1196,179,242,579,196,178,775,47,131,130,974,252,252,1393,858,6,442,198,7,64,181,91,157,90,178,289,15,1413,1,7043,296,23,2,124,97,22,20,10,6,5,18,144,39,93,38,1,235,10,20,5,8,15,11,19,5,29,9,12,7,22,8,20,24,10,3,13,4,14,9,5,3,34,0,38,12,71,1,7,6,5,41,9,0,4,1,4,28,1,19,2,0,10,1,3,1,5,5,1,7,4,15,7,6,4,2,0,0,1,3,2,0,1,0,12,1,0,1,1,3,0,2,0,0,2,1,2,1,0,0,0,0,0
very,89495,6811,120979,19084,36557,68232,58825,15168,11360,39154,15057,6936,15260,30125,63737,19623,6821,38512,72147,34619,5927,31383,1563,17209,1035,14069,18797,2634,11271,8502,6461,4382,21331,3715,629,518,15802,7601,10259,12484,1836,3339,7072,3171,1602,9541,571,1040,1452,4789,2613,1769,11095,10342,26,2465,3002,73,543,1314,313,1831,1015,1937,3389,129,4458,30,296,87143,347,20,905,1282,271,229,48,28,112,491,1796,400,1726,527,76,356,247,108,87,235,190,132,129,50,178,149,102,29,54,85,381,192,110,78,122,41,137,64,210,105,233,11,234,193,98,19,66,85,140,161,445,102,59,9,36,389,41,183,19,8,40,14,15,3,14,45,11,154,26,60,43,18,48,4,26,26,5,19,15,10,3,7,44,11,1,7,24,13,9,8,0,1,0,4,3,15,1,0,2,3,3
quietly,3640,247,5102,606,1216,2066,1625,306,419,1347,632,276,636,867,2432,688,264,989,3095,1000,181,1500,68,591,27,377,961,226,417,323,323,174,754,186,23,25,484,280,269,272,77,102,176,151,93,298,22,35,67,280,80,167,425,346,3,157,80,1,17,49,7,75,50,108,103,3,166,2,23,347,3339,0,44,52,7,22,2,0,3,22,67,17,39,33,6,17,6,6,1,5,8,26,8,1,6,2,2,1,14,1,21,5,8,0,6,3,3,2,5,7,8,0,11,5,1,2,1,6,1,14,7,0,1,0,0,22,0,8,2,1,0,0,0,0,0,1,1,6,4,1,3,1,0,0,0,1,0,0,1,0,0,0,1,0,0,0,0,1,0,0,0,0,1,0,0,0,0,0,0,0,0
strolled,817,53,1344,115,241,493,406,21,76,316,134,68,26,108,494,183,43,186,559,135,66,292,11,51,4,42,204,73,129,75,23,99,176,24,1,2,43,27,45,72,17,9,24,3,38,37,3,8,4,78,15,51,60,48,0,44,9,0,7,13,1,14,8,15,24,1,33,0,2,20,0,578,18,1,0,10,0,0,4,2,8,4,5,31,1,0,0,3,0,2,1,4,0,0,1,0,1,0,0,2,2,2,0,0,0,1,0,1,0,1,2,0,1,0,0,1,0,1,0,4,0,0,0,0,0,3,0,3,0,0,1,0,0,0,0,0,0,5,0,0,0,0,0,0,0,0,0,0,0,0,0,0,1,0,0,0,0,0,0,0,0,0,0,0,0,0,0,0,0,0,0
together,24105,1638,30496,3804,4827,14481,9868,1490,2183,8679,3104,3742,1984,4181,12079,4777,1405,4639,14036,6123,1221,4969,267,2478,135,2227,4189,912,5806,1753,1158,780,4539,879,127,113,2169,1441,1573,2251,398,576,1306,467,505,1364,112,187,300,1380,524,444,1750,3494,3,752,501,18,171,647,53,338,225,442,629,27,970,10,124,905,44,18,15636,379,60,85,22,17,22,85,331,197,325,127,8,154,23,35,11,35,62,56,20,10,109,12,27,8,23,20,37,27,44,15,34,29,19,54,20,16,59,1,31,29,18,3,9,22,11,46,22,8,18,3,5,53,4,45,0,5,12,1,4,1,3,13,4,24,5,16,12,9,3,5,1,4,0,2,10,0,1,3,14,0,2,2,2,6,0,1,0,0,2,0,2,4,2,0,0,0,0
shall,31745,3843,38295,8258,30438,21272,12239,5691,2662,11952,3772,8480,15488,9733,22853,5645,2171,2025,25411,12970,1486,7351,620,5829,328,14449,7104,758,3221,2770,5154,873,1357,2366,119,225,7173,862,4453,3065,1402,739,1022,3958,514,5562,186,511,1392,1571,791,684,7861,818,8,714,1247,10,89,425,66,461,385,848,661,19,1425,6,97,1282,52,1,379,38902,34,44,25,18,39,252,883,151,605,58,10,278,26,9,10,16,41,19,153,8,45,14,30,10,43,43,27,87,38,27,26,9,16,15,39,17,71,2,33,101,24,4,6,16,24,34,69,4,47,1,4,91,23,40,11,5,58,1,4,2,9,4,2,15,4,12,22,8,10,2,5,5,1,8,2,2,10,2,10,0,0,0,8,0,5,4,0,0,0,0,2,3,0,0,0,0,0
bottom,4688,406,11928,729,1427,5575,3099,577,487,2103,2033,424,447,1533,3095,1014,496,1632,3296,1376,346,1254,75,628,35,445,950,457,560,720,299,208,919,186,92,17,509,312,428,761,81,79,290,119,188,270,29,94,75,386,100,83,475,473,2,230,116,3,24,101,19,102,62,99,137,6,256,3,22,271,7,0,60,34,3624,19,5,7,11,14,58,30,56,32,1,38,11,11,1,4,13,7,2,1,12,5,8,1,10,3,9,5,5,2,10,7,3,7,3,3,5,1,20,6,16,0,1,5,1,31,5,2,2,1,7,5,0,16,0,4,4,0,3,1,0,4,1,8,1,7,3,2,1,1,1,0,0,0,0,0,1,2,1,0,0,1,0,1,1,0,0,0,3,0,1,0,1,0,0,0,1
leaving,5999,473,11329,1438,1926,4931,3246,361,741,2773,1121,450,592,1426,4875,1441,344,1815,4277,1831,491,2162,105,788,64,604,1364,233,745,660,362,275,1714,244,39,18,722,417,561,763,115,196,371,211,165,638,37,61,105,485,173,349,845,551,5,215,148,8,36,121,12,143,64,283,199,6,371,6,20,229,22,10,85,44,19,4563,7,1,9,28,108,48,71,51,2,24,9,7,2,9,25,10,5,0,14,2,6,6,12,8,9,8,32,2,17,3,7,6,7,5,17,0,10,6,5,4,2,4,8,18,4,3,4,0,3,22,3,30,1,3,4,0,1,0,0,5,0,11,3,3,7,2,2,0,2,4,0,0,6,0,0,0,6,2,0,0,2,2,0,0,1,0,0,0,0,2,0,0,0,0,0
steel,2081,144,3446,292,282,2101,1440,164,201,779,239,91,108,416,860,571,144,505,1273,510,125,523,15,234,7,163,435,75,208,260,83,75,320,71,26,6,162,85,115,231,30,25,102,74,77,72,5,34,19,107,39,28,159,214,0,81,42,2,4,34,10,33,15,36,33,2,135,2,10,48,2,0,22,25,5,7,1417,11,0,4,24,2,13,8,3,10,5,6,0,1,2,7,6,22,13,24,1,19,5,0,3,5,3,1,5,3,2,1,2,2,3,0,4,1,10,0,0,2,1,5,2,0,3,0,1,1,0,3,0,0,3,1,1,0,0,1,0,1,1,3,4,1,1,0,0,0,0,0,0,0,0,0,2,0,0,0,0,0,0,0,0,0,0,0,0,1,0,0,0,0,0
metal,1219,126,2374,175,235,1611,899,140,92,532,145,69,58,334,582,364,97,413,877,310,91,263,18,153,2,100,237,33,126,171,43,44,206,56,20,3,94,45,107,216,23,16,66,21,44,43,8,22,9,65,23,13,102,164,2,62,28,8,26,14,8,24,14,20,29,3,119,0,6,28,0,0,17,18,7,1,11,964,2,4,17,1,8,4,0,2,4,2,0,0,3,3,4,3,2,4,0,4,4,0,2,2,0,0,6,3,2,1,1,1,0,0,17,1,3,0,1,1,0,15,1,0,0,0,0,0,0,9,0,2,0,0,1,1,1,1,0,7,0,0,0,2,0,0,0,0,0,0,1,0,0,0,0,0,3,0,0,2,0,0,0,0,0,0,0,1,0,0,0,0,0
somewhere,2329,380,3602,508,1136,1832,1859,363,402,1435,371,266,475,803,1591,436,494,941,2219,1084,206,893,34,439,19,479,438,145,282,334,273,202,648,107,28,54,336,249,219,201,113,63,175,81,43,256,12,32,77,252,46,154,246,269,1,76,55,0,14,25,16,73,34,51,88,2,75,2,5,112,3,4,22,39,11,9,0,2,2486,186,45,9,75,22,3,18,2,1,1,5,8,5,4,1,8,3,0,1,4,2,5,2,7,0,9,1,0,3,6,6,7,0,9,3,1,1,5,10,4,7,4,2,0,0,2,11,0,8,1,0,2,3,1,0,0,3,0,2,2,2,3,2,1,1,0,1,1,0,0,0,0,0,3,0,0,0,1,0,0,0,0,0,0,0,0,2,0,0,0,0,0
else,9646,2209,11815,2768,5395,6953,4857,1830,1584,4368,1361,870,2757,4040,8509,1966,1493,3702,8265,4406,695,3809,1380,2237,124,2126,2583,259,1381,842,1273,637,2356,479,90,161,1873,1437,1083,1009,332,589,798,483,183,1392,540,162,302,666,206,269,1372,853,1,277,402,10,43,105,34,195,157,222,307,15,390,0,18,491,22,2,85,252,14,28,4,4,186,10117,247,37,269,40,3,70,12,12,7,19,21,17,29,5,13,6,11,4,8,7,9,16,16,8,13,5,9,2,22,10,38,0,20,15,8,0,8,13,19,15,23,1,9,3,2,32,6,7,1,2,4,1,2,0,3,6,1,19,0,3,5,0,7,0,4,3,0,1,1,1,0,1,1,0,0,5,0,1,1,2,0,0,0,0,0,3,0,0,0,0,0
life,44619,4196,66161,11240,15832,48767,24890,7559,6011,23931,5612,2454,5994,11848,31894,9238,3035,13663,30529,17975,3404,13552,926,6809,399,6272,9795,1011,3764,4790,3390,1471,11794,2009,236,390,6630,3737,4956,5870,949,1531,3924,2578,1250,4400,365,410,776,2197,1395,950,9638,3406,10,1092,1709,39,155,399,62,798,496,1201,1453,46,2253,9,144,1796,67,8,331,883,58,108,24,17,45,247,36437,259,791,160,4,239,76,18,40,83,108,63,78,29,116,19,43,17,47,35,53,40,148,54,55,14,52,31,292,34,154,6,70,84,17,7,20,14,84,30,79,12,39,3,24,83,35,61,12,21,77,2,1,8,26,18,1,48,10,31,41,8,58,1,45,29,10,9,8,2,3,6,12,4,0,5,30,5,4,9,1,2,0,0,1,5,0,0,2,1,2
hours,9798,1119,16000,3504,3258,8512,5773,809,1016,5398,2128,975,889,2523,6750,2019,785,3132,7201,3205,636,3006,191,1350,102,1221,1747,366,1111,1032,534,565,3112,419,88,92,1292,910,845,1376,186,279,989,232,339,805,48,56,162,648,230,295,1148,1087,2,422,249,12,271,770,27,242,111,281,222,9,495,4,39,400,17,4,197,151,30,48,2,1,9,37,259,8033,178,75,4,46,29,5,8,9,57,68,15,12,21,8,7,1,10,19,23,6,24,3,20,2,14,9,24,4,57,1,23,14,4,2,7,47,10,22,12,1,2,0,3,26,2,37,0,3,14,4,0,0,2,7,0,18,6,6,7,0,6,2,4,2,0,0,0,0,0,1,10,0,0,0,3,2,0,1,0,0,1,0,0,3,0,0,0,1,2
always,29360,3338,39442,6719,12212,22612,16464,5716,4126,13496,4600,2343,5877,9709,22247,6612,3017,11188,23683,11916,2192,10996,458,5745,410,5290,7107,738,4355,2568,2236,1589,7419,1295,198,604,4559,2570,2597,3919,603,1007,3010,1180,561,3401,288,518,539,1724,753,567,3568,3358,4,825,1113,15,153,280,66,460,389,644,1032,49,1224,14,93,1726,39,5,325,605,56,71,13,8,75,269,791,178,27481,132,10,144,66,21,26,56,75,88,48,18,64,22,38,15,24,17,118,35,53,25,44,8,33,18,56,49,116,5,76,64,11,5,37,29,42,50,101,17,15,9,18,139,20,38,11,4,23,6,7,5,6,10,3,32,7,16,19,0,25,4,16,7,2,11,2,3,0,5,14,0,0,1,3,5,3,3,0,2,0,4,2,3,0,0,1,1,3
street,12574,1019,25654,1969,2663,10445,8636,852,1622,7587,2894,691,1017,2466,7143,2820,1057,4202,9069,3166,1034,3788,153,1308,60,997,2562,1431,1512,1640,568,471,2683,425,107,62,1140,695,881,1607,230,212,646,188,529,629,34,148,147,1278,298,268,729,1348,4,437,299,15,91,227,73,266,120,257,480,21,682,4,38,527,33,31,127,58,32,51,8,4,22,40,160,75,132,10237,9,33,12,18,9,11,150,48,8,3,32,17,17,1,10,3,56,19,78,11,25,21,12,31,16,4,24,5,19,12,16,7,6,19,9,38,10,1,4,2,10,16,2,56,3,1,4,3,5,1,3,6,1,28,2,6,11,24,4,6,5,6,1,1,2,0,0,2,45,1,0,3,0,0,5,1,0,1,4,0,0,2,0,0,0,5,0
loudly,1129,64,1828,172,163,724,472,81,115,382,193,31,80,197,600,197,56,304,774,301,52,424,9,138,5,69,259,35,130,95,55,36,203,50,16,1,121,51,74,90,27,21,48,18,29,42,1,10,9,80,18,31,59,111,0,37,31,0,9,9,2,23,21,22,29,3,65,0,1,76,6,1,8,10,1,2,3,0,3,3,4,4,10,9,858,3,4,1,1,0,5,2,1,1,1,1,1,0,1,2,6,0,0,0,1,8,1,0,0,1,2,0,1,3,3,0,0,2,0,3,2,0,0,0,0,5,0,5,0,0,0,2,0,0,0,0,0,0,0,1,0,0,0,0,0,0,0,0,0,0,0,0,0,0,0,0,1,0,0,0,0,0,0,0,0,0,0,0,0,0,0
hold,10586,923,14908,2206,4325,8468,5297,1274,1342,3952,1314,914,2198,3471,8863,2159,735,2559,7295,3890,695,3607,192,1737,101,1278,2295,445,1521,1015,1018,335,1862,456,81,102,1633,1071,1000,1074,232,428,409,845,189,1256,59,237,371,870,221,215,1590,782,3,396,373,8,40,138,35,251,216,224,255,20,711,2,235,356,17,0,154,278,38,24,10,2,18,70,239,46,144,33,3,8627,9,14,7,10,26,16,23,4,18,9,38,15,9,7,7,7,15,10,9,10,16,3,7,4,18,3,16,23,11,0,2,4,6,35,19,3,6,0,11,19,4,10,1,3,18,1,1,0,1,3,7,11,2,12,5,3,3,2,1,1,0,1,1,0,1,0,10,0,0,0,1,2,0,1,0,0,0,0,3,1,0,0,2,0,1
slow,3560,279,5460,573,777,2845,2229,354,423,1541,554,228,308,904,2158,870,181,1258,2572,988,259,1026,46,605,33,381,678,188,406,345,202,130,611,155,20,25,492,206,269,377,43,52,198,64,100,195,26,33,64,177,99,76,250,350,1,139,102,1,16,33,12,102,37,62,112,8,167,3,10,247,6,0,23,26,11,9,5,4,2,12,76,29,66,12,4,9,2810,6,13,11,16,21,8,7,2,1,8,1,4,2,1,5,8,3,11,0,2,5,7,2,6,0,22,4,0,1,1,10,4,7,5,1,2,0,1,6,2,12,0,1,6,5,0,0,1,1,1,7,0,0,8,2,0,0,1,0,0,0,1,0,0,0,3,0,0,0,0,0,1,0,0,0,0,0,1,0,0,0,1,0,0
leaning,2684,154,4724,289,504,1800,1672,118,293,1215,512,96,162,459,1239,880,163,882,1903,502,208,957,24,230,10,137,544,197,236,303,117,77,438,106,30,5,187,89,157,263,25,27,116,32,82,174,15,44,19,243,45,58,239,201,2,428,35,2,7,22,7,71,17,50,126,11,312,0,20,108,6,3,35,9,11,7,6,2,1,12,18,5,21,18,1,14,6,2039,1,1,6,45,1,1,7,6,3,1,0,0,6,1,4,3,5,6,4,0,0,2,3,1,13,1,6,0,2,3,2,22,5,0,0,0,3,4,2,6,0,0,0,0,0,0,0,0,0,9,4,2,2,0,0,0,0,1,0,0,0,0,0,0,1,0,0,1,1,0,0,1,0,0,0,0,0,1,0,0,0,1,0
uncertain,1297,206,1925,213,282,1144,728,185,122,566,227,58,97,331,957,325,63,455,891,332,162,480,21,243,20,162,331,40,138,146,72,67,257,49,5,1,170,81,118,181,29,39,81,21,30,66,12,17,29,56,46,37,109,155,0,31,37,0,7,14,2,47,7,28,31,0,83,0,5,87,1,0,11,10,1,2,0,0,1,7,40,8,26,9,1,7,13,1,934,1,4,3,0,3,2,3,1,0,0,1,3,3,5,7,2,0,3,5,8,3,2,0,1,1,0,0,1,0,3,2,2,0,0,1,0,1,3,4,0,0,1,0,0,0,0,0,1,4,0,1,0,0,0,0,1,0,0,0,0,0,0,0,0,0,0,0,0,0,0,0,0,0,0,0,0,0,0,0,0,0,0
naturally,3075,357,4724,643,956,3059,1674,452,406,1280,439,239,383,941,2584,567,215,1151,2374,1285,272,921,77,525,53,540,859,53,434,320,203,130,791,99,23,12,562,400,331,591,68,112,253,97,47,233,23,28,66,145,113,45,313,297,1,81,162,4,12,28,6,45,89,82,81,2,169,0,8,235,5,2,35,16,4,9,1,0,5,19,83,9,56,11,0,10,11,1,1,2514,5,2,4,2,10,4,3,2,0,9,3,9,10,1,5,1,9,2,4,7,14,0,8,4,2,0,1,1,10,6,6,1,4,0,1,9,2,9,0,4,2,0,2,0,0,1,0,6,0,3,0,1,8,0,5,0,0,2,0,0,0,0,0,0,0,0,2,0,0,0,0,0,0,0,0,0,0,0,0,0,0
passing,5464,478,10110,921,1336,5105,3773,528,604,2744,1037,370,365,1192,3318,1219,399,2013,3673,1806,383,1644,90,682,46,555,1135,266,675,693,248,185,1112,223,66,11,568,343,488,812,94,122,337,109,677,358,24,96,63,390,143,163,488,747,0,355,134,7,48,74,22,88,41,154,185,7,299,1,15,190,8,1,62,41,13,25,2,3,8,21,108,57,75,150,5,26,16,6,4,5,3915,13,4,2,13,6,6,2,1,5,13,5,10,0,16,6,8,13,15,2,15,0,13,4,3,2,3,9,8,13,5,1,1,0,5,12,4,33,1,1,4,2,2,1,1,0,1,8,0,1,8,4,1,0,1,1,0,0,1,0,1,0,2,0,0,0,0,1,0,0,0,1,0,0,1,0,0,0,0,0,0
watching,4267,337,7986,1030,1250,3189,2242,215,503,1854,782,223,342,875,2232,1141,338,1622,3333,1206,285,1548,40,480,34,341,985,197,530,503,236,169,957,176,51,39,430,263,265,376,76,87,395,60,166,408,22,49,48,292,78,122,414,572,0,277,66,2,30,70,13,143,44,77,110,13,241,5,11,132,26,4,56,19,7,10,7,3,5,17,63,68,88,48,2,16,21,45,3,2,13,3567,4,3,8,3,4,0,6,2,7,7,7,1,16,2,3,6,6,5,8,1,7,5,3,1,2,14,2,10,8,2,1,0,3,10,0,10,0,0,2,3,0,0,2,1,1,13,2,3,3,1,1,0,2,0,0,0,3,1,0,1,2,1,0,0,1,0,2,0,0,0,1,0,0,0,0,0,0,0,0
kill,3283,455,4085,752,1833,1763,1651,466,331,992,422,404,1495,1142,3279,649,191,838,2713,1444,201,1739,57,690,16,459,624,120,795,223,713,105,628,175,16,31,805,664,312,256,98,241,137,159,56,900,15,58,112,227,136,85,503,256,1,83,104,1,10,67,3,43,61,81,86,0,188,2,19,129,8,0,20,153,2,5,6,4,4,29,78,15,48,8,1,23,8,1,0,4,4,4,3668,2,0,2,1,13,2,1,2,0,1,2,3,0,2,3,3,0,3,0,2,10,2,0,0,0,2,1,5,3,16,0,0,6,7,1,0,1,4,0,0,0,0,1,2,3,0,3,6,0,2,1,0,0,0,0,1,0,0,0,0,2,0,0,0,0,0,0,0,0,1,1,0,0,0,0,0,0,0
nerves,1135,77,1791,238,370,1106,726,107,200,422,176,30,100,314,767,308,65,392,1044,468,91,318,21,186,7,114,270,28,92,117,57,27,312,41,9,10,152,73,137,156,14,23,91,79,49,72,8,9,15,63,18,18,318,200,0,46,48,0,3,13,0,35,21,31,20,0,113,1,5,50,1,0,10,8,1,0,22,3,1,5,29,12,18,3,1,4,7,1,3,2,2,3,2,1120,1,4,8,1,2,3,1,0,1,0,5,0,3,2,4,0,2,0,3,1,1,0,0,0,0,1,1,0,1,0,0,2,0,4,0,0,1,1,0,0,0,0,0,2,0,2,1,0,0,0,1,0,0,0,0,0,0,0,0,0,0,0,0,0,0,0,0,0,0,0,0,0,0,0,0,0,0
drawn,5018,369,9117,733,919,4479,3186,477,523,2245,741,213,276,1147,2788,1337,332,1927,3415,1481,381,1361,54,602,23,649,1019,230,510,912,276,160,1701,176,49,5,490,297,399,796,68,118,450,101,157,228,22,50,53,375,128,128,389,810,2,238,135,7,40,91,24,104,41,83,136,6,345,1,29,178,6,1,109,45,12,14,13,2,8,13,116,21,64,32,1,18,2,7,2,10,13,8,0,1,3630,10,1,11,17,3,22,4,15,6,9,7,3,3,6,2,13,0,9,3,13,1,2,3,4,14,4,1,2,1,2,10,1,15,0,0,8,0,0,1,2,4,0,9,1,4,4,4,4,0,2,0,0,1,2,0,0,1,5,0,0,0,0,1,2,0,0,1,0,0,1,1,0,0,0,0,0
cap,2996,179,3662,357,521,1829,2422,186,383,1229,360,81,197,529,1278,836,135,909,1698,539,218,878,24,238,15,168,499,133,132,276,118,112,481,92,25,7,194,123,147,332,45,32,99,69,46,139,10,27,33,176,44,57,270,207,4,155,51,1,10,42,37,37,25,54,142,14,126,1,9,149,2,0,12,14,5,2,24,4,3,6,19,8,22,17,1,9,1,6,3,4,6,3,2,4,10,1887,1,2,5,2,59,33,3,1,2,5,0,4,0,1,5,2,8,4,38,2,4,3,2,11,4,1,0,0,0,16,0,8,0,0,1,1,1,0,0,1,0,4,2,1,0,0,1,0,0,1,0,0,0,0,0,0,0,0,0,0,0,1,0,0,0,0,0,0,2,0,1,0,2,0,0
shake,2469,176,3381,369,764,1552,1361,188,262,790,348,144,418,628,1754,767,124,506,1580,750,168,799,37,326,16,187,496,131,287,186,203,63,341,107,7,16,293,293,195,222,47,59,69,123,58,239,6,50,36,189,52,49,276,148,0,116,54,1,8,16,5,41,28,27,87,3,112,0,12,102,2,1,27,30,8,6,1,0,0,11,43,7,38,17,1,38,8,3,1,3,6,4,1,8,1,1,1877,1,0,1,1,3,2,2,7,2,7,2,4,2,7,0,7,1,0,0,2,1,1,8,9,0,1,0,0,14,0,1,0,6,2,0,1,0,0,2,0,1,1,1,3,0,0,0,1,0,0,1,1,0,0,0,3,0,0,0,0,0,0,0,0,0,0,0,0,0,1,0,0,0,0
weapon,1182,129,2335,245,371,1042,954,117,173,487,240,43,83,371,745,494,66,429,994,397,139,570,10,267,5,123,287,55,105,187,59,51,338,60,11,4,160,96,146,225,13,25,87,28,23,111,7,24,11,66,49,32,215,89,0,31,54,1,7,18,0,30,14,46,26,4,115,0,7,29,1,0,8,10,1,6,19,4,1,4,17,1,15,1,0,15,1,1,0,2,2,0,13,1,11,2,1,1081,4,0,1,1,1,1,5,1,2,2,3,0,1,0,0,1,1,0,0,0,0,1,1,0,4,0,0,0,0,1,0,0,5,0,0,0,0,1,0,5,0,1,22,1,0,0,1,0,0,0,0,0,0,1,1,0,0,1,0,0,0,0,0,0,1,0,0,0,0,2,0,0,0
torn,2838,182,4696,451,516,2698,1357,155,283,1045,329,113,202,559,1391,676,165,897,1817,775,166,722,23,312,9,344,479,160,278,602,138,93,862,110,18,12,234,161,168,318,46,46,317,75,94,125,9,32,28,199,53,149,278,397,2,101,49,5,19,28,44,51,22,43,109,18,222,4,22,54,14,0,23,43,10,12,5,4,4,8,47,10,24,10,1,9,4,0,0,0,1,6,2,2,17,5,0,4,2036,2,4,6,3,1,7,5,7,16,4,1,9,1,4,6,17,0,0,2,0,4,8,0,2,0,1,1,1,3,0,1,6,0,0,0,1,2,0,5,2,15,2,0,0,0,1,0,1,1,2,0,1,0,2,0,0,1,1,0,0,0,0,0,3,0,0,0,0,0,0,0,0
delay,2037,233,3864,552,585,1964,1084,180,321,771,383,146,258,481,2114,402,187,774,1645,786,224,705,34,353,14,351,455,48,255,218,199,66,464,90,7,3,338,275,280,296,32,138,148,83,46,169,10,31,52,97,60,33,257,197,2,44,80,2,8,32,7,44,21,554,34,1,100,6,8,85,1,2,20,43,3,8,0,0,2,7,35,19,17,3,2,7,2,0,1,9,5,2,1,3,3,2,1,0,2,1731,0,3,4,2,1,0,2,4,2,4,1,0,1,3,0,1,0,3,4,7,3,0,1,0,0,2,6,7,2,0,2,0,0,0,3,0,0,2,2,0,4,0,0,0,0,0,0,0,0,0,1,0,9,0,0,0,0,0,0,0,0,0,0,0,0,0,0,0,0,0,0
dressed,5627,342,6287,786,1065,3320,3884,292,516,3299,688,192,281,721,2387,1509,286,2364,3343,1118,389,1676,42,516,28,423,1151,181,532,392,203,262,1018,141,26,16,465,218,273,522,54,83,248,63,101,260,24,32,34,338,100,61,332,726,0,164,121,2,33,76,7,62,45,67,180,21,219,2,20,381,21,2,37,27,9,9,3,2,5,9,53,23,118,56,6,7,1,6,3,3,13,7,2,1,22,59,1,1,4,0,3621,112,10,3,3,4,1,2,8,5,7,1,22,7,39,0,1,4,3,14,8,6,1,0,1,19,0,8,1,0,1,0,2,3,3,2,2,26,5,0,1,0,0,2,0,2,0,1,2,0,0,0,1,0,0,0,1,2,0,0,0,0,0,0,0,0,0,0,7,0,0
suit,3395,281,4489,784,1108,2751,2595,363,623,1769,491,234,541,937,2727,772,199,991,2344,1354,295,1314,56,478,25,471,669,100,313,258,239,124,675,204,15,24,517,419,492,516,56,128,179,152,26,414,23,60,126,167,86,51,446,219,1,161,93,8,19,47,12,60,57,46,118,11,114,3,24,192,5,2,27,87,5,8,5,2,2,16,40,6,35,19,0,7,5,1,3,9,5,7,0,0,4,33,3,1,6,3,112,2749,3,1,3,1,1,3,1,0,8,1,17,3,20,0,0,3,2,10,6,2,1,0,1,8,5,2,0,0,0,0,1,1,0,0,2,7,0,1,0,0,1,0,0,1,0,0,1,0,0,0,1,1,0,1,0,0,0,0,0,0,1,0,0,1,0,0,24,0,0
station,3885,347,7790,685,1098,3472,2332,294,381,1808,1061,371,308,710,3074,851,270,1237,2636,1126,308,1154,41,421,28,393,724,135,472,639,188,182,938,99,46,22,430,303,276,480,71,129,262,125,98,341,16,43,104,276,104,83,430,428,8,109,81,2,22,69,11,88,30,76,109,2,173,0,10,110,8,0,44,38,5,32,3,0,7,16,148,24,53,78,0,15,8,4,5,10,10,7,1,1,15,3,2,1,3,4,10,3,2891,3,10,5,3,0,6,3,4,2,3,4,3,0,0,13,5,18,9,1,1,2,0,11,10,10,2,0,1,0,0,0,0,1,0,8,1,2,0,2,0,3,0,1,0,0,0,0,0,0,9,0,0,1,2,0,0,0,0,0,1,0,0,0,0,0,0,0,0
becomes,1517,208,2773,252,257,1688,1134,588,147,693,196,101,214,718,1019,275,85,111,1067,520,189,424,25,259,15,227,432,27,89,148,155,49,73,42,8,2,213,40,179,312,20,34,58,65,30,87,17,15,23,68,41,21,119,59,1,41,53,1,6,10,12,18,13,18,37,2,65,2,3,78,0,0,15,27,2,2,1,0,0,8,54,3,25,11,0,10,3,3,7,1,0,1,2,0,6,1,2,1,1,2,3,1,3,1228,1,0,4,3,10,0,3,0,6,2,0,0,0,0,14,3,3,1,0,0,1,3,2,1,2,2,2,0,0,0,1,0,1,2,0,1,1,0,5,0,0,1,1,1,2,0,0,1,0,0,0,0,0,1,1,0,0,0,0,0,1,0,0,0,0,0,0
smoke,4854,285,8434,487,883,4191,2990,262,352,1742,590,267,302,912,2049,997,412,1209,2800,907,273,850,72,434,14,265,754,244,419,841,183,141,629,174,102,11,309,213,226,528,94,45,160,74,297,183,27,43,35,461,69,190,306,457,0,239,68,1,17,57,6,107,25,86,121,15,224,4,13,122,6,0,34,26,10,17,5,6,9,13,55,20,44,25,1,9,11,5,2,5,16,16,3,5,9,2,7,5,7,1,3,3,10,1,3120,4,6,15,4,0,6,1,9,5,3,2,2,4,0,10,6,3,0,0,10,4,0,12,1,0,2,0,0,0,2,2,0,3,0,2,1,2,1,0,3,0,0,0,2,0,0,0,2,2,0,0,0,0,1,0,0,0,0,0,0,6,0,0,0,0,0
shouting,1997,79,2866,211,297,1197,855,69,147,628,275,83,82,241,850,368,146,568,963,346,73,480,12,158,9,98,280,86,266,207,44,64,248,73,29,4,118,70,90,110,43,22,60,14,66,95,5,16,7,162,34,49,120,224,1,70,42,0,6,19,3,38,6,20,41,2,71,2,4,41,3,1,29,9,7,3,3,3,1,5,14,2,8,21,8,10,0,6,0,1,6,2,0,0,7,5,2,1,5,0,4,1,5,0,4,1194,3,1,1,0,2,0,1,2,2,1,1,0,2,3,1,0,0,0,0,1,0,7,0,0,1,0,0,0,0,1,0,2,0,2,0,0,0,0,0,1,0,0,0,0,0,0,4,0,0,0,0,0,0,0,0,0,0,0,0,0,0,0,0,0,0
violent,2524,232,3743,464,604,2263,1851,273,228,1123,384,107,195,567,1683,586,136,925,1601,846,196,813,37,396,27,264,495,83,235,274,128,94,641,65,18,1,371,155,254,419,36,54,190,42,49,202,11,13,46,140,80,36,225,277,1,59,119,0,30,45,3,51,19,74,58,2,176,2,14,137,3,0,19,16,3,7,2,2,0,9,52,14,33,12,1,16,2,4,3,9,8,3,2,3,3,0,7,2,7,2,1,1,3,4,6,3,1716,4,7,3,3,1,3,3,0,2,2,1,1,5,11,1,0,0,0,3,0,7,1,0,3,0,1,0,1,0,0,6,0,0,0,2,0,0,0,0,0,0,0,0,0,0,2,0,0,0,1,0,0,1,0,0,0,0,0,0,0,0,0,0,0
scattered,2733,230,4970,280,238,2474,1314,116,182,1026,311,141,78,419,1053,557,229,549,1540,494,157,350,22,298,13,177,418,94,342,275,113,239,464,83,41,4,157,67,138,340,85,15,156,33,112,56,9,25,13,109,53,47,91,579,2,290,46,5,27,37,15,61,15,48,77,5,172,3,9,64,2,1,54,15,7,6,1,1,3,2,31,9,18,31,0,3,5,0,5,2,13,6,3,2,3,4,2,2,16,4,2,3,0,3,15,1,4,1585,5,1,22,1,10,4,9,0,2,4,3,7,2,0,1,0,2,3,1,7,0,0,0,0,0,0,2,2,0,5,3,5,2,0,2,1,1,2,0,1,0,0,0,0,1,1,0,0,0,2,0,1,0,0,1,0,1,1,0,0,0,0,0
existence,3324,419,6656,815,854,5276,2270,711,403,2084,524,221,272,1020,2771,690,262,1048,2499,1532,439,993,70,574,41,593,873,89,323,415,262,92,974,142,28,10,590,332,452,718,52,132,332,124,95,213,27,20,42,192,103,47,486,337,0,76,212,5,14,36,9,88,34,91,80,2,206,1,5,210,5,0,20,39,3,7,2,1,6,22,292,24,56,16,0,7,7,0,8,4,15,6,3,4,6,0,4,3,4,2,8,1,6,10,4,1,7,5,2757,18,8,0,5,7,2,0,5,5,9,1,6,0,8,0,2,8,3,3,0,0,8,1,0,1,0,1,1,9,0,3,2,2,5,0,8,2,0,3,2,1,1,2,2,0,0,0,2,0,1,1,0,0,0,0,0,0,0,0,0,0,0
suspected,1462,183,2689,343,757,1876,887,127,231,754,261,82,234,580,1268,375,119,897,1398,981,161,1012,51,340,22,377,440,23,199,213,164,70,721,65,9,21,384,235,218,233,17,90,197,43,17,162,9,18,10,73,60,31,157,213,2,34,63,3,10,17,7,30,23,49,43,2,70,0,3,105,7,1,16,17,3,5,2,1,6,10,34,4,49,4,1,4,2,2,3,7,2,5,0,0,2,1,2,0,1,4,5,0,3,0,0,0,3,1,18,1506,5,0,1,5,0,0,0,1,3,4,0,0,1,0,0,4,2,2,0,0,2,1,0,0,1,3,0,5,0,0,0,0,1,0,0,0,1,0,0,0,1,0,1,0,0,1,0,0,1,1,0,0,0,0,0,0,0,0,0,0,0
books,6990,685,9515,1222,2118,6128,3165,694,789,3298,842,299,820,1259,3921,1570,553,1496,4085,1914,408,1824,103,792,37,688,1151,174,713,655,340,430,1346,191,40,87,747,398,437,905,158,162,406,283,134,573,85,55,91,342,177,100,853,852,6,265,209,25,79,138,62,87,69,116,292,11,263,1,34,233,8,2,59,71,5,17,3,0,7,38,154,57,116,24,2,18,6,3,2,14,15,8,3,2,13,5,7,1,9,1,7,8,4,3,6,2,3,22,8,5,4933,1,9,6,6,0,3,8,13,25,8,3,3,1,3,22,3,9,1,0,2,0,0,0,2,3,1,13,8,0,4,2,32,4,0,8,0,6,0,0,0,1,1,0,0,1,2,3,0,1,0,0,2,0,0,0,0,0,0,0,0
umbrellas,264,16,346,37,11,185,135,14,31,119,19,23,20,28,95,68,22,40,112,48,20,33,1,17,2,23,42,7,30,21,12,7,42,9,4,0,17,17,10,24,7,5,14,5,9,6,0,3,6,14,3,8,7,32,0,8,9,0,2,1,2,3,1,8,16,2,5,0,0,11,0,0,1,2,1,0,0,0,0,0,6,1,5,5,0,3,0,1,0,0,0,1,0,0,0,2,0,0,1,0,1,1,2,0,1,0,1,1,0,0,1,126,0,0,1,0,0,0,0,1,0,0,0,0,0,1,0,1,0,0,0,0,0,0,0,0,0,1,0,0,0,0,1,0,0,0,0,0,0,0,0,0,0,1,0,0,0,0,0,0,0,0,0,0,0,0,0,0,0,0,0
soft,6326,326,8938,694,1078,4369,3618,396,590,2307,700,245,387,1295,2378,1519,435,1698,3679,1373,313,1204,49,688,9,389,1246,265,494,545,241,182,844,210,87,26,491,252,264,548,86,78,194,113,233,330,30,44,29,291,93,154,447,544,1,286,138,2,17,48,29,124,59,74,142,13,382,4,38,234,11,1,31,33,20,10,4,17,9,20,70,23,76,19,1,16,22,13,1,8,13,7,2,3,9,8,7,0,4,1,22,17,3,6,9,1,3,10,5,1,9,0,4017,9,15,5,13,8,2,5,10,3,3,2,8,10,0,11,0,1,6,1,1,10,2,1,0,5,0,10,0,3,1,0,0,0,0,0,0,1,0,0,2,2,0,1,2,0,0,0,0,0,0,0,1,3,0,0,1,0,1
otherwise,2912,565,4534,867,1392,2673,1732,535,354,1470,489,302,523,1308,2604,706,263,1236,2348,1496,264,1201,59,749,36,898,881,58,487,336,345,125,796,138,26,7,896,715,402,526,58,260,419,141,73,374,12,40,77,161,66,65,431,393,2,72,158,2,22,30,11,49,39,96,68,6,166,2,12,193,5,0,29,101,6,6,1,1,3,15,84,14,64,12,3,23,4,1,1,4,4,5,10,1,3,4,1,1,6,3,7,3,4,2,5,2,3,4,7,5,6,0,9,2565,3,1,4,0,6,6,7,2,5,1,1,12,2,3,1,0,5,0,1,0,1,1,1,6,0,1,2,0,0,0,3,2,0,0,0,0,0,0,1,0,0,0,0,0,0,1,0,0,0,0,0,0,0,0,1,0,0
cloth,2644,155,3879,403,361,2196,2060,173,219,1084,302,117,89,576,940,903,191,851,1399,536,156,591,29,228,4,149,434,103,217,262,85,89,414,61,26,5,190,97,160,338,37,40,106,30,39,105,16,41,31,149,44,37,151,274,3,125,43,4,8,44,22,30,19,35,75,11,173,0,71,98,1,0,18,24,16,5,10,3,1,8,17,4,11,16,3,11,0,6,0,2,3,3,2,1,13,38,0,1,17,0,39,20,3,0,3,2,0,9,2,0,6,1,15,3,1519,0,0,3,0,18,5,0,1,0,1,4,3,3,0,0,0,1,0,0,0,1,0,10,1,0,0,1,0,1,2,0,0,0,2,0,0,0,0,2,2,0,0,3,0,0,0,0,0,0,0,0,0,0,0,0,0
humming,502,18,861,63,92,389,346,26,44,192,68,16,22,88,247,141,45,142,316,104,31,160,7,59,1,29,110,32,23,58,15,29,73,16,11,2,30,25,25,52,7,3,9,8,24,16,2,6,4,30,12,18,38,41,0,22,10,0,2,3,0,20,2,3,18,1,25,0,1,19,2,1,3,4,0,4,0,0,1,0,7,2,5,7,0,0,1,0,0,0,2,1,0,0,1,2,0,0,0,1,0,0,0,0,2,1,2,0,0,0,0,0,5,1,0,338,0,0,0,2,0,1,0,0,0,0,0,2,0,0,0,0,0,0,1,0,0,0,2,0,0,0,0,0,0,0,0,0,1,0,0,0,0,0,0,0,0,0,1,0,0,0,0,0,0,1,0,0,0,0,0
reminded,1254,91,2172,201,500,1849,781,88,198,615,227,90,186,456,841,305,91,564,1109,736,101,569,17,181,7,185,246,39,131,125,75,64,527,50,8,3,188,91,166,245,18,38,115,21,29,324,10,7,15,63,60,29,130,127,1,32,38,0,5,10,4,24,16,27,59,3,62,0,7,66,1,0,9,6,1,2,0,1,5,8,20,7,37,6,0,2,1,2,1,1,3,2,0,0,2,4,2,0,0,0,1,0,0,0,2,1,2,2,5,0,3,0,13,4,0,0,1147,2,1,3,0,3,0,0,2,7,0,3,1,1,0,0,1,0,1,0,0,4,0,0,1,0,0,0,0,0,0,1,0,0,1,1,0,0,0,2,3,0,1,1,0,0,0,0,0,0,0,0,0,0,0
clock,1773,133,4154,298,480,1401,1261,175,299,800,524,94,165,492,1065,418,148,601,1399,476,198,479,33,195,6,173,490,86,111,165,120,89,344,75,15,17,142,108,129,206,30,31,84,43,47,107,20,28,19,134,45,53,168,148,1,66,30,1,5,64,10,53,15,32,107,8,112,0,6,85,6,1,22,16,5,4,2,1,10,13,14,47,29,19,2,4,10,3,0,1,9,14,0,0,3,3,1,0,2,3,4,3,13,0,4,0,1,4,5,1,8,0,8,0,3,0,2,1594,0,8,0,3,2,0,2,16,0,7,0,0,0,88,0,0,0,1,1,2,0,0,5,0,0,0,0,0,1,0,1,0,0,0,0,0,0,1,1,0,0,0,0,0,0,0,0,0,0,0,0,1,0
importance,2200,253,4459,459,604,3852,1435,530,306,1233,349,132,248,748,2298,585,141,820,1819,934,276,758,71,373,23,400,617,32,237,249,141,81,583,100,16,6,453,179,329,487,35,114,186,95,37,180,19,21,34,63,73,30,223,271,1,53,154,1,13,26,10,46,28,70,39,1,127,1,5,140,1,0,11,24,1,8,1,0,4,19,84,10,42,9,0,6,4,2,3,10,8,2,2,0,4,2,1,0,0,4,3,2,5,14,0,2,1,3,9,3,13,0,2,6,0,0,1,0,1917,5,11,0,0,0,2,4,1,5,0,0,3,0,0,0,1,4,1,4,1,1,1,0,9,0,1,2,0,2,0,0,0,2,1,0,0,0,0,0,0,0,0,0,0,0,0,0,0,0,0,0,0
box,5134,336,9418,890,1293,3983,4131,399,712,2708,864,261,544,1354,2975,1300,385,1581,3631,1232,467,1672,63,530,37,416,883,245,413,638,265,192,1051,153,27,26,405,288,447,741,105,108,262,133,107,349,17,63,96,494,130,151,518,395,18,164,101,52,35,128,73,62,46,90,201,12,286,1,41,161,14,4,46,34,31,18,5,15,7,15,30,22,50,38,3,35,7,22,2,6,13,10,1,1,14,11,8,1,4,7,14,10,18,3,10,3,5,7,1,4,25,1,5,6,18,2,3,8,5,4222,6,1,3,0,3,25,2,12,2,0,2,2,4,0,0,4,0,12,4,1,2,2,0,1,0,1,0,0,2,0,0,0,2,0,0,0,0,2,1,1,0,1,0,0,0,0,2,0,1,0,0
proud,4596,306,5296,784,1688,4331,2435,579,501,1619,561,248,785,1047,2968,912,230,1821,3062,1475,303,1602,56,681,35,932,982,85,422,338,288,102,818,194,26,34,632,399,358,468,82,178,327,180,69,381,24,65,62,166,68,60,517,405,1,119,185,0,5,35,6,77,54,61,154,5,196,0,9,445,7,0,22,69,5,4,2,1,4,23,79,12,101,10,2,19,5,5,2,6,5,8,5,1,4,4,9,1,8,3,8,6,9,3,6,1,11,2,6,0,8,0,10,7,5,0,0,0,11,6,3575,2,3,0,1,13,12,6,1,1,3,0,0,1,1,0,0,2,0,1,1,3,4,1,4,1,1,1,3,0,0,1,3,0,0,2,1,0,0,0,0,0,0,0,0,0,0,0,0,0,0
funny,930,49,1032,163,416,544,747,213,262,310,142,83,226,601,576,224,76,391,941,388,62,354,12,154,18,103,204,40,155,49,74,105,161,33,2,20,113,79,131,60,24,29,40,51,12,82,5,21,6,59,20,16,73,84,1,43,66,0,5,10,9,13,14,17,51,0,28,1,0,102,0,0,8,4,2,3,0,0,2,1,12,1,17,1,0,3,1,0,0,1,1,2,3,0,1,1,0,0,0,0,6,2,1,1,3,0,1,0,0,0,3,0,3,2,0,1,3,3,0,1,2,1237,0,0,0,9,0,1,0,0,0,0,0,0,1,0,0,0,0,1,1,0,2,0,0,0,0,0,0,0,0,0,0,0,0,0,0,0,0,0,0,0,0,0,0,0,0,0,0,0,0
destroy,1424,193,2201,276,437,1193,571,225,112,480,149,129,248,465,1501,213,88,277,897,597,84,399,22,258,11,242,215,34,291,128,133,25,251,55,5,3,301,227,150,212,35,90,74,82,16,144,9,12,36,58,34,31,182,110,0,20,50,0,5,10,5,19,15,35,20,1,81,0,4,59,1,0,18,47,2,4,3,0,0,9,39,2,15,4,0,6,2,0,0,4,1,1,16,1,2,0,1,4,2,1,1,1,1,0,0,0,0,1,8,1,3,0,3,5,1,0,0,2,0,3,3,0,1040,0,0,0,0,2,0,0,2,0,0,0,0,0,0,3,0,1,2,0,0,0,2,0,0,0,0,0,0,0,7,0,0,0,1,0,0,0,0,0,0,0,0,0,0,0,0,0,0
nicer,175,16,189,32,75,117,114,49,48,60,20,16,60,107,139,29,29,64,155,64,6,57,3,43,2,53,38,5,29,11,27,10,55,5,1,6,15,33,12,18,10,6,17,12,3,9,2,2,4,13,5,4,8,20,0,8,5,0,0,1,0,4,2,4,12,0,1,0,1,9,0,0,3,1,1,0,0,0,0,3,3,0,9,2,0,0,0,0,1,0,0,0,0,0,1,0,0,0,0,0,0,0,2,0,0,0,0,0,0,0,1,0,2,1,0,0,0,0,0,0,0,0,0,181,0,4,0,0,0,0,0,0,0,0,0,1,0,0,0,0,0,0,0,0,0,0,0,0,0,0,0,0,0,1,0,0,0,0,0,0,0,0,0,0,0,0,0,0,0,0,0
filling,1059,52,1932,153,185,821,565,57,93,415,154,58,65,233,549,492,63,299,642,247,63,288,11,87,8,91,176,43,96,117,31,31,167,42,14,4,79,51,60,132,18,17,69,28,29,67,5,6,9,88,25,19,71,119,0,46,19,2,7,10,5,17,8,21,30,2,46,0,4,36,0,0,5,4,7,3,1,0,2,2,24,3,18,10,0,11,1,3,0,1,5,3,0,0,2,0,0,0,1,0,1,1,0,1,10,0,0,2,2,0,3,0,8,1,1,0,2,2,2,3,1,0,0,0,689,4,0,3,0,0,0,0,0,0,0,1,0,1,0,1,0,1,0,1,0,1,0,0,1,0,0,0,0,0,0,0,0,0,0,0,0,0,0,0,0,0,0,0,0,0,0
aunt,6046,390,6537,1282,2641,3598,3102,646,1904,2324,1025,368,1213,1490,4748,1498,420,2203,5288,1912,524,1121,103,940,80,809,1227,238,395,593,434,376,1522,260,17,60,837,548,517,505,151,214,410,476,67,832,58,98,130,431,164,154,2179,437,0,206,178,6,26,80,17,89,71,115,306,8,188,0,28,389,22,3,53,91,5,22,1,0,11,32,83,26,139,16,5,19,6,4,1,9,12,10,6,2,10,16,14,0,1,2,19,8,11,3,4,1,3,3,8,4,22,1,10,12,4,0,7,16,4,25,13,9,0,4,4,6295,6,6,2,0,3,0,3,0,1,3,1,9,6,0,0,0,0,0,3,2,0,0,0,1,1,1,0,0,0,0,0,0,0,0,0,0,0,0,1,0,0,0,0,0,0
disgrace,1454,158,2256,228,400,1565,831,195,150,577,152,72,223,376,1083,321,76,447,876,480,101,461,21,233,7,222,281,21,114,177,119,43,271,53,5,5,233,160,142,181,18,66,107,79,21,133,2,19,11,64,24,22,191,147,0,25,58,0,4,11,3,24,21,41,39,2,92,0,1,41,0,0,4,23,0,3,0,0,0,6,35,2,20,2,0,4,2,2,3,2,4,0,7,0,1,0,0,0,1,6,0,5,10,2,0,0,0,1,3,2,3,0,0,2,3,0,0,0,1,2,12,0,0,0,0,6,1026,0,4,0,1,0,0,0,1,0,0,0,0,0,0,0,1,0,1,0,1,0,0,0,0,0,0,0,0,1,3,0,0,0,0,2,0,0,0,0,0,0,0,0,0
passage,4681,408,10654,758,1134,4664,3444,497,457,2530,804,422,283,1029,3135,999,371,1461,3405,1372,391,1191,50,574,37,429,877,342,603,700,225,161,1050,169,40,8,537,256,584,908,88,100,315,91,482,299,13,81,94,341,134,100,404,515,2,151,92,8,22,78,11,93,54,121,100,10,214,12,19,183,8,3,45,40,16,30,3,9,8,7,61,37,38,56,5,10,12,6,4,9,33,10,1,4,15,8,1,1,3,7,8,2,10,1,12,7,7,7,3,2,9,1,11,3,3,2,3,7,5,12,6,1,2,0,3,6,0,3625,1,2,2,0,0,0,4,3,0,9,1,0,3,1,0,1,2,1,1,1,1,0,0,0,10,0,1,0,0,1,1,1,0,0,0,0,0,1,0,0,0,0,0
insulted,687,74,1093,96,206,630,274,49,46,237,74,26,108,114,379,122,26,226,397,170,47,206,7,91,3,87,96,10,73,52,45,12,178,15,3,9,87,41,45,69,12,20,64,30,2,95,1,6,8,28,16,12,65,89,0,13,15,0,7,4,2,13,5,17,16,0,22,0,2,19,2,0,0,11,0,1,0,0,1,1,12,0,11,3,0,1,0,0,0,0,1,0,0,0,0,0,0,0,0,2,1,0,2,2,1,0,1,0,0,0,1,0,0,1,0,0,1,0,0,2,1,0,0,0,0,2,4,1,465,0,0,0,0,0,0,1,0,1,0,0,1,0,0,0,1,0,1,0,0,0,1,0,0,0,0,0,1,0,0,0,0,0,0,0,0,0,0,0,0,0,0
flows,417,56,938,72,63,298,179,115,32,177,41,27,30,142,160,96,35,29,185,173,25,50,1,48,5,30,95,26,78,81,14,13,27,10,6,0,40,13,27,92,13,9,8,11,35,10,1,4,4,20,8,10,32,8,0,17,10,0,3,4,0,9,2,3,10,0,13,0,0,8,1,0,5,5,4,3,0,2,0,2,21,3,4,1,0,3,1,0,0,4,1,0,1,0,0,0,6,0,1,0,0,0,0,2,0,0,0,0,0,0,0,0,1,0,0,0,1,0,0,0,1,0,0,0,0,0,0,2,0,204,2,0,0,0,0,0,0,0,0,0,1,0,0,0,0,0,0,0,0,0,0,0,0,0,0,0,0,0,0,0,0,0,0,0,0,0,0,0,0,0,6
mortal,1717,188,2756,385,539,1661,1160,283,185,792,199,81,244,479,1112,426,111,575,1150,789,138,571,19,288,19,269,454,47,182,204,153,37,443,58,14,7,284,162,220,232,44,62,139,60,44,137,10,24,21,69,31,48,235,154,1,45,87,1,4,29,5,26,24,49,39,5,109,0,10,40,0,1,12,58,4,4,3,0,2,4,77,14,23,4,0,18,6,0,1,2,4,2,4,1,8,1,2,5,6,2,1,0,1,2,2,1,3,0,8,2,2,0,6,5,0,0,0,0,3,2,3,0,2,0,0,3,1,2,0,2,1299,0,0,0,1,0,0,2,0,1,3,0,0,0,0,1,1,0,1,0,0,1,0,0,0,1,3,0,0,1,0,0,0,0,0,0,0,0,0,0,0
ticking,198,20,622,44,33,278,128,15,41,135,34,4,17,57,118,37,30,95,151,68,22,53,8,24,1,20,67,8,21,18,14,9,32,7,4,1,11,12,18,37,5,1,9,4,6,9,2,1,0,13,3,12,15,25,0,8,2,0,2,2,2,14,2,6,22,0,13,0,1,14,0,0,1,1,0,0,1,0,3,1,2,4,6,3,2,1,5,0,0,0,2,3,0,1,0,1,0,0,0,0,0,0,0,0,0,0,0,0,1,1,0,0,1,0,1,0,0,88,0,2,0,0,0,0,0,0,0,0,0,0,0,167,0,0,0,1,1,1,0,0,1,0,0,0,0,0,0,0,1,0,0,0,0,0,0,0,0,0,0,0,0,0,0,0,0,0,0,0,0,0,0
photograph,311,28,671,58,103,418,403,42,76,203,79,23,57,134,186,89,26,124,345,99,31,112,8,47,1,41,65,9,8,60,21,14,123,7,8,0,42,32,31,64,7,14,30,11,2,33,4,0,11,23,20,8,40,23,0,12,3,1,3,5,7,11,0,0,13,0,29,0,3,15,0,0,4,4,3,1,1,1,1,2,1,0,7,5,0,1,0,0,0,2,2,0,0,0,0,1,1,0,0,0,2,1,0,0,0,0,1,0,0,0,0,0,1,1,0,0,1,0,0,4,0,0,0,0,0,3,0,0,0,0,0,0,384,0,0,0,1,0,0,0,0,0,0,0,0,0,0,0,0,0,0,0,0,0,0,0,0,0,0,1,0,0,0,0,0,0,0,0,0,0,0
shimmering,252,10,497,24,32,268,147,12,28,109,26,6,5,65,83,77,12,72,149,60,13,26,0,18,0,7,47,14,13,39,2,7,19,12,12,0,5,1,10,20,7,0,6,2,26,4,1,4,0,20,2,5,10,15,0,15,6,0,1,5,0,6,3,1,4,1,25,0,1,3,0,0,1,2,1,0,0,1,0,0,8,0,5,1,0,0,0,0,0,0,1,0,0,0,1,0,0,0,0,0,3,1,0,0,0,0,0,0,1,0,0,0,10,0,0,0,0,0,0,0,1,0,0,0,0,0,0,0,0,0,0,0,0,155,0,0,0,0,0,0,0,1,0,0,0,0,0,0,0,0,0,0,0,0,0,0,0,0,0,0,0,0,0,0,0,0,0,0,0,0,0
transported,836,104,1689,138,142,968,420,54,77,369,134,30,54,124,623,192,32,359,445,244,64,222,4,87,7,135,153,19,108,156,49,26,203,26,7,1,85,51,54,124,7,33,86,12,18,57,4,4,6,30,26,5,67,152,4,19,23,3,3,15,0,13,9,22,17,0,25,0,5,14,0,0,3,9,0,0,0,1,0,3,26,2,6,3,0,1,1,0,0,0,1,2,0,0,2,0,0,0,1,3,3,0,0,1,2,0,1,2,0,1,2,0,2,1,0,1,1,0,1,0,1,1,0,0,0,1,1,4,0,0,1,0,0,0,477,0,1,0,0,0,0,0,1,0,0,0,0,0,0,0,1,0,6,0,0,0,1,0,0,0,0,0,0,0,0,0,0,0,0,0,0
missing,966,92,1925,238,246,870,539,155,141,441,174,75,97,276,581,196,114,459,812,411,78,329,20,164,17,152,196,28,109,129,80,58,269,40,4,7,145,82,110,125,29,31,104,35,30,61,7,14,7,68,41,20,97,179,2,38,21,4,16,28,5,20,11,44,25,0,35,1,5,45,1,0,13,4,4,5,1,1,3,6,18,7,10,6,0,3,1,0,0,1,0,1,1,0,4,1,2,1,2,0,2,0,1,0,2,1,0,2,1,3,3,0,1,1,1,0,0,1,4,4,0,0,0,1,1,3,0,3,1,0,0,1,0,0,0,878,0,1,0,0,0,1,0,0,0,0,0,0,1,0,0,0,0,0,0,0,0,0,0,0,0,1,0,0,0,0,0,0,0,0,0
retaining,262,13,440,58,81,322,172,34,38,152,37,8,41,72,187,65,14,69,163,79,32,95,4,48,3,36,55,2,29,39,23,4,55,11,7,1,36,18,19,55,2,20,25,22,3,14,1,1,4,11,6,6,28,25,2,11,13,0,0,1,0,33,3,15,16,0,22,0,1,11,1,0,4,2,1,0,0,0,0,1,1,0,3,1,0,7,1,0,1,0,1,1,2,0,0,0,0,0,0,0,2,2,0,1,0,0,0,0,1,0,1,0,0,1,0,0,0,1,1,0,0,0,0,0,0,1,0,0,0,0,0,1,1,0,1,0,174,1,0,0,0,0,2,0,0,0,0,0,0,0,0,0,0,0,0,0,0,0,0,0,0,0,0,0,0,0,0,0,2,0,0
apparently,2604,232,4927,646,499,2681,1984,215,337,1523,558,134,133,709,1875,761,250,1283,2377,841,317,1070,83,505,15,282,658,106,340,372,132,159,966,94,35,8,486,138,333,465,54,59,242,30,76,167,19,24,24,170,85,76,168,387,3,121,72,4,28,60,13,69,32,106,63,4,186,3,7,154,6,5,24,15,8,11,1,7,2,19,48,18,32,28,0,11,7,9,4,6,8,13,3,2,9,4,1,5,5,2,26,7,8,2,3,2,6,5,9,5,13,1,5,6,10,0,4,2,4,12,2,0,3,0,1,9,0,9,1,0,2,1,0,0,0,1,1,2471,1,1,3,1,2,2,0,2,0,0,1,1,0,1,2,0,0,3,1,1,0,1,0,0,0,0,0,0,0,0,0,1,0
arranging,475,26,856,144,103,413,270,35,66,307,90,36,41,107,318,126,34,188,349,118,42,166,7,37,2,63,115,14,41,37,20,34,110,20,2,3,25,31,52,62,6,20,35,22,10,22,4,1,12,30,5,6,49,46,0,11,13,0,6,4,3,4,3,17,13,5,21,0,4,26,4,0,5,4,1,3,1,0,2,0,10,6,7,2,0,2,0,4,0,0,0,2,0,0,1,2,1,0,2,2,5,0,1,0,0,0,0,3,0,0,8,0,0,0,1,2,0,0,1,4,0,0,0,0,0,6,0,1,0,0,0,0,0,0,0,0,0,1,370,0,0,0,2,0,0,0,0,0,0,0,0,0,0,0,0,0,0,0,0,0,0,0,0,0,0,0,0,0,0,0,0
roots,1462,114,2484,185,282,1113,711,93,102,556,197,83,124,310,696,287,90,283,803,376,70,303,16,135,6,98,222,80,192,185,60,51,218,46,26,6,109,92,90,172,36,16,58,36,55,70,6,18,14,117,13,33,114,144,0,73,31,1,18,19,5,29,11,24,61,3,59,2,15,60,1,0,16,12,7,3,3,0,2,3,31,6,16,6,1,12,0,2,1,3,1,3,3,2,4,1,1,1,15,0,0,1,2,1,2,2,0,5,3,0,0,0,10,1,0,0,0,0,1,1,1,1,1,0,1,0,0,0,0,0,1,0,0,0,0,0,0,1,0,871,0,0,1,2,1,1,0,1,0,0,0,0,0,1,0,0,0,0,0,1,0,0,0,0,0,1,0,0,0,0,1
deadly,1446,89,2383,225,345,1240,876,156,144,595,181,66,106,294,710,374,97,497,1012,474,87,417,15,217,7,151,251,58,152,189,72,36,292,56,14,1,165,108,112,184,16,22,82,37,48,116,7,16,6,58,26,27,121,162,0,56,55,1,6,17,2,41,17,32,28,3,88,1,7,43,3,0,12,22,3,7,4,0,3,5,41,7,19,11,0,5,8,2,0,0,8,3,6,1,4,0,3,22,2,4,1,0,0,1,1,0,0,2,2,0,4,0,0,2,0,0,1,5,1,2,1,1,2,0,0,0,0,3,1,1,3,1,0,0,0,0,0,3,0,0,1107,0,0,0,3,0,0,0,0,0,0,1,1,0,0,0,1,0,0,0,0,0,1,0,0,0,0,1,0,0,0
strand,466,35,1061,56,84,413,337,43,83,243,94,30,35,93,280,128,33,142,338,125,33,137,2,60,4,51,104,42,60,63,25,18,118,19,4,1,33,24,29,57,11,12,28,4,22,13,1,6,2,37,9,10,23,48,0,23,6,0,2,8,2,11,3,4,8,0,49,1,6,18,1,0,9,8,2,2,1,2,2,0,8,0,0,24,0,3,2,0,0,1,4,1,0,0,4,0,0,1,0,0,0,0,2,0,2,0,2,0,2,0,2,0,3,0,1,0,0,0,0,2,3,0,0,0,1,0,0,1,0,0,0,0,0,1,0,1,0,1,0,0,0,378,0,0,1,0,0,0,0,0,0,0,7,0,0,0,0,0,0,0,0,0,0,0,0,0,0,0,0,0,0
literature,1281,157,2171,276,301,1684,631,333,107,784,172,70,79,314,840,244,78,332,894,442,101,259,29,141,14,162,272,17,116,120,63,49,201,29,7,5,194,73,146,225,23,40,86,18,19,52,14,1,13,40,46,7,81,95,1,21,49,4,7,12,8,10,11,16,26,0,44,0,4,48,0,0,3,10,1,2,1,0,1,7,58,6,25,4,0,3,0,0,0,8,1,1,2,0,4,1,0,0,0,0,0,1,0,5,1,0,0,2,5,1,32,1,1,0,0,0,0,0,9,0,4,2,0,0,0,0,1,0,0,0,0,0,0,0,1,0,2,2,2,1,0,0,984,1,0,5,0,2,0,0,0,3,0,0,0,0,1,0,0,0,0,0,0,0,0,0,0,0,0,0,0
packages,277,21,417,32,44,224,138,13,45,125,37,15,15,31,141,84,23,63,173,47,9,60,1,14,5,17,55,14,22,34,7,12,40,1,0,2,11,8,16,37,8,6,7,9,4,13,1,0,3,30,7,5,19,58,2,10,4,7,6,8,3,1,3,2,6,0,18,0,2,4,0,0,5,2,1,0,0,0,1,0,1,2,4,6,0,2,0,0,0,0,0,0,1,0,0,0,0,0,0,0,2,0,3,0,0,0,0,1,0,0,4,0,0,0,1,0,0,0,0,1,1,0,0,0,1,0,0,1,0,0,0,0,0,0,0,0,0,2,0,2,0,0,1,202,0,0,0,0,0,0,0,0,0,0,0,0,0,0,0,0,0,0,0,0,0,0,0,0,0,0,0
petty,784,87,1281,148,134,926,453,106,66,367,109,47,46,153,500,156,47,212,476,252,66,191,20,117,9,101,147,11,96,91,37,22,145,24,8,3,98,52,65,141,11,20,47,9,16,36,1,9,12,28,16,9,55,76,0,27,49,1,3,6,1,11,9,29,10,1,27,0,0,26,0,0,1,5,1,2,0,0,0,4,45,4,16,5,0,1,1,0,1,5,1,2,0,1,2,0,1,1,1,0,0,0,0,0,3,0,0,1,8,0,0,0,0,3,2,0,0,0,1,0,4,0,2,0,0,3,1,2,1,0,0,0,0,0,0,0,0,0,0,1,3,1,0,0,518,0,0,0,0,0,0,0,0,0,0,0,0,0,0,0,0,0,0,0,0,0,0,0,0,0,0
university,675,74,1465,153,193,992,543,139,86,450,210,31,42,165,499,130,53,258,531,239,90,264,8,88,30,81,121,23,49,85,22,34,190,37,3,2,92,37,60,83,13,19,62,9,13,44,5,3,11,28,34,9,72,62,0,9,26,0,7,19,3,7,8,19,29,0,18,0,0,26,1,0,4,5,0,4,0,0,1,3,29,2,7,6,0,1,0,1,0,0,1,0,0,0,0,1,0,0,0,0,2,1,1,1,0,1,0,2,2,0,8,0,0,2,0,0,0,0,2,1,1,0,0,0,1,2,0,1,0,0,1,0,0,0,0,0,0,2,0,1,0,0,5,0,0,598,0,2,1,0,0,1,0,0,0,0,0,0,0,0,0,0,0,0,0,0,0,0,0,0,0
seduced,209,36,385,31,39,265,109,23,12,61,16,8,18,19,122,32,5,65,119,48,26,68,1,22,3,21,26,2,15,46,11,4,90,5,0,2,24,9,19,29,2,5,30,2,4,22,0,2,5,4,7,1,28,37,0,2,5,0,0,2,1,5,0,6,5,0,4,0,1,5,0,0,0,1,0,0,0,0,1,0,10,0,2,1,0,0,0,0,0,0,0,0,0,0,0,0,0,0,1,0,0,0,0,1,0,0,0,0,0,1,0,0,0,0,0,0,0,1,0,0,1,0,0,0,0,0,1,1,1,0,1,0,0,0,0,0,0,0,0,0,0,0,0,0,0,0,127,0,0,0,0,0,0,0,0,0,0,0,0,0,0,0,0,0,0,0,0,0,0,0,0
historical,432,62,910,78,67,653,251,109,64,281,59,20,24,97,245,88,22,88,328,115,65,74,7,63,1,62,82,4,37,49,21,16,56,10,3,1,58,31,64,102,8,7,34,2,7,7,1,5,4,18,19,4,15,27,0,9,11,1,0,8,2,11,3,9,20,1,17,0,3,19,0,0,2,8,0,0,0,0,0,1,9,0,11,1,0,1,0,0,0,2,0,0,0,0,1,0,1,0,1,0,1,0,0,1,0,0,0,1,3,0,6,0,0,0,0,0,1,0,2,0,1,0,0,0,0,0,0,1,0,0,0,0,0,0,0,0,0,0,0,1,0,0,2,0,0,2,0,353,1,0,0,0,1,0,0,0,1,0,0,0,0,0,0,0,0,0,0,0,0,0,0
skeleton,450,26,968,67,87,451,414,46,63,271,80,28,37,117,230,113,49,150,328,136,35,116,8,54,3,44,96,20,51,53,17,18,119,19,3,6,42,30,44,84,14,11,38,15,6,17,3,7,3,42,16,16,39,56,0,23,5,0,8,8,4,21,1,8,18,0,30,0,2,15,1,0,10,2,0,6,0,1,0,1,8,0,2,2,0,1,1,0,0,0,1,3,1,0,2,0,1,0,2,0,2,1,0,2,2,0,0,0,2,0,0,0,0,0,2,1,0,1,0,2,3,0,0,0,1,0,0,1,0,0,1,1,0,0,0,1,0,1,0,0,0,0,0,0,0,1,0,1,375,0,0,0,0,0,0,0,0,0,0,0,0,0,0,0,0,0,0,0,0,0,0
nourishing,81,7,105,18,17,59,37,19,6,25,8,6,5,26,30,14,1,22,48,25,3,14,2,12,0,9,20,0,12,2,3,1,16,1,1,0,10,4,6,14,0,2,7,1,3,3,1,2,0,1,1,1,7,10,0,3,4,0,0,0,0,1,0,1,1,0,0,0,0,10,0,0,0,2,0,0,0,0,0,1,2,0,3,0,0,0,0,0,0,0,0,1,0,0,0,0,0,0,0,0,0,0,0,0,0,0,0,0,1,0,0,0,1,0,0,0,0,0,0,0,0,0,0,0,0,1,0,0,0,0,0,0,0,0,0,0,0,1,0,0,0,0,0,0,0,0,0,0,0,52,0,0,0,0,0,0,0,0,0,0,0,0,0,0,0,0,0,0,0,0,0
despoiled,237,25,372,21,23,276,79,9,10,57,10,6,11,18,84,33,5,39,101,42,8,37,3,29,0,24,42,3,46,23,3,1,47,13,1,0,7,10,11,23,0,2,27,2,3,7,3,0,6,4,2,2,8,27,0,6,2,0,0,0,0,3,2,6,2,0,6,1,1,3,0,0,1,10,1,0,0,0,0,0,3,0,0,0,0,1,0,0,0,0,1,0,0,0,0,0,0,0,1,1,0,0,0,0,0,0,0,0,1,1,0,0,0,0,0,0,1,0,0,0,0,0,0,0,0,1,0,0,1,0,0,0,0,0,1,0,0,0,0,0,0,0,0,0,0,0,0,0,0,0,116,0,0,0,0,0,3,0,0,0,0,0,0,0,0,0,0,0,0,0,0
historic,235,25,544,49,40,389,158,52,24,120,45,22,8,48,159,65,21,68,198,84,25,45,4,32,7,37,49,4,12,29,4,4,40,8,0,0,27,14,32,54,12,4,25,4,12,6,2,4,1,12,10,2,13,26,0,6,8,0,1,1,0,7,2,10,21,1,8,0,0,7,0,0,3,2,2,0,0,0,0,1,6,1,5,2,0,0,0,0,0,0,0,1,0,0,1,0,0,1,0,0,0,0,0,1,0,0,0,0,2,0,1,0,0,0,0,0,1,0,2,0,1,0,0,0,0,1,0,0,0,0,1,0,0,0,0,0,0,1,0,0,1,0,3,0,0,1,0,0,0,0,0,210,0,0,0,0,0,0,0,0,0,0,0,0,0,0,0,0,0,0,0
fleet,1786,152,3931,294,241,2036,978,88,182,721,251,96,57,257,1120,453,126,585,1072,497,123,433,18,237,25,126,281,56,245,285,50,48,397,53,20,3,128,76,124,229,12,49,112,26,45,50,3,7,16,88,81,32,89,244,1,51,34,3,10,61,2,18,20,42,19,1,86,19,12,44,1,1,14,10,1,6,2,0,3,1,12,10,14,45,0,10,3,1,0,0,2,2,0,0,5,0,3,1,2,9,1,1,9,0,2,4,2,1,2,1,1,0,2,1,0,0,0,0,1,2,3,0,7,0,0,0,0,10,0,0,0,0,0,0,6,0,0,2,0,0,1,7,0,0,0,0,0,1,0,0,0,0,1142,0,0,0,0,0,0,0,0,0,0,0,0,0,0,0,1,0,0
juicy,144,10,204,26,18,95,76,11,10,57,8,2,7,25,58,30,15,27,74,22,5,23,1,19,1,13,23,4,14,15,5,1,19,6,0,1,5,10,4,10,0,0,2,6,2,3,0,2,0,4,2,2,3,19,0,5,2,0,0,1,1,4,2,0,2,0,6,0,1,11,0,0,0,0,0,2,0,0,0,0,4,0,0,1,0,0,0,0,0,0,0,1,2,0,0,0,0,0,0,0,0,1,0,0,2,0,0,1,0,0,0,1,2,0,2,0,0,0,0,0,0,0,0,1,0,0,0,0,0,0,0,0,0,0,0,0,0,0,0,1,0,0,0,0,0,0,0,0,0,0,0,0,0,79,0,0,0,0,0,0,0,0,0,0,0,0,0,0,0,0,0
discs,28,1,58,2,4,29,14,0,0,14,11,0,1,2,10,5,2,5,19,5,2,8,0,4,0,1,7,1,6,1,0,1,7,2,0,0,0,0,1,6,0,1,1,0,1,1,0,0,0,4,0,0,0,6,0,1,0,0,2,0,0,1,0,0,1,0,2,0,0,1,0,0,2,0,0,0,0,3,0,0,0,0,0,0,0,0,0,0,0,0,0,0,0,0,0,0,0,0,0,0,0,0,0,0,0,0,0,0,0,0,0,0,0,0,2,0,0,0,0,0,0,0,0,0,0,0,0,1,0,0,0,0,0,0,0,0,0,0,0,0,0,0,0,0,0,0,0,0,0,0,0,0,0,0,21,0,0,0,0,0,0,0,0,0,0,0,0,0,0,0,0
forgetful,288,19,360,47,80,315,109,20,28,99,30,8,44,31,146,54,9,73,162,75,16,77,7,38,0,26,42,8,23,24,9,13,50,12,0,0,36,11,17,28,3,9,14,10,3,36,3,2,4,12,3,11,37,13,0,11,12,0,0,3,0,1,1,3,9,1,11,0,1,7,0,0,2,0,1,0,0,0,0,5,5,0,1,3,0,0,0,1,0,0,0,0,0,0,0,0,0,1,1,0,0,1,1,0,0,0,0,0,0,1,1,0,1,0,0,0,2,1,0,0,2,0,0,0,0,0,1,0,0,0,1,0,0,0,0,0,0,3,0,0,0,0,0,0,0,0,0,0,0,0,0,0,0,0,0,181,0,0,0,0,0,0,0,0,0,1,0,0,0,0,0
banished,751,56,1158,142,122,717,294,55,69,251,75,34,38,103,449,124,22,259,364,214,39,189,8,79,5,108,113,6,70,195,50,19,178,26,5,0,72,58,57,100,5,29,58,19,9,44,4,5,2,27,13,15,68,109,0,16,17,0,3,13,0,13,3,8,17,1,28,1,1,24,0,0,2,8,0,2,0,0,1,0,30,3,3,0,1,1,0,1,0,2,0,1,0,0,0,0,0,0,1,0,1,0,2,0,0,0,1,0,2,0,2,0,2,0,0,0,3,1,0,0,1,0,1,0,0,0,3,0,1,0,3,0,0,0,1,0,0,1,0,0,1,0,1,0,0,0,0,1,0,0,3,0,0,0,0,0,403,0,0,0,0,0,0,0,0,0,0,0,0,0,0
coins,384,36,576,48,55,333,179,25,40,158,51,13,21,68,173,92,15,82,236,68,17,121,6,38,2,21,72,5,34,38,18,11,67,9,1,0,27,11,15,55,5,8,26,5,6,16,0,2,1,27,6,6,19,49,0,7,6,4,1,5,2,12,1,6,11,0,16,0,3,13,1,0,6,0,1,2,0,2,0,1,5,2,5,0,0,2,0,0,0,0,1,0,0,0,1,1,0,0,0,0,2,0,0,1,0,0,0,2,0,0,3,0,0,0,3,0,0,0,0,2,0,0,0,0,0,0,0,1,0,0,0,0,0,0,0,0,0,1,0,0,0,0,0,0,0,0,0,0,0,0,0,0,0,0,0,0,0,253,0,0,0,0,0,0,0,0,0,0,0,0,0
colder,273,20,336,30,44,87,92,28,26,74,30,19,10,93,103,30,16,69,152,59,11,64,4,34,1,26,44,12,14,15,18,5,44,12,0,0,23,15,13,20,4,3,12,9,3,7,2,0,3,8,3,4,15,19,0,6,5,0,2,2,0,8,3,3,6,0,7,0,0,9,0,0,0,5,1,0,0,0,0,1,4,0,3,5,0,0,1,0,0,0,0,2,0,0,2,0,0,0,0,0,0,0,0,1,1,0,0,0,1,1,0,0,0,0,0,1,1,0,0,1,0,0,0,0,0,0,0,1,0,0,0,0,0,0,0,0,0,0,0,0,0,0,0,0,0,0,0,0,0,0,0,0,0,0,0,0,0,0,186,0,0,0,0,0,0,0,0,0,0,0,0
stifled,310,23,499,39,65,275,232,24,33,149,39,12,17,69,162,89,27,99,230,96,24,94,1,46,1,32,39,14,31,46,17,10,61,9,3,0,40,17,26,39,5,7,25,2,6,14,1,2,1,21,10,9,22,38,0,9,8,1,1,2,0,7,3,5,3,0,7,0,2,8,0,0,1,4,0,0,0,0,0,2,9,1,3,1,0,1,0,1,0,0,0,0,0,0,0,0,0,0,0,0,0,0,0,0,0,0,1,1,1,1,1,0,0,1,0,0,1,0,0,1,0,0,0,0,0,0,0,1,0,0,1,0,1,0,0,0,0,1,0,1,0,0,0,0,0,0,0,0,0,0,0,0,0,0,0,0,0,0,0,250,0,0,0,0,0,0,0,0,0,0,0
ever-changing,49,1,81,9,1,54,21,3,5,21,2,1,2,9,20,9,2,17,23,13,2,5,1,2,0,1,8,1,3,7,0,0,7,0,0,0,4,2,3,7,0,0,3,0,0,0,1,0,1,3,1,0,2,4,0,0,1,0,0,0,0,0,0,0,0,0,4,0,0,0,0,0,0,0,0,1,0,0,0,0,1,0,0,0,0,0,0,0,0,0,0,0,0,0,0,0,0,0,0,0,0,0,0,0,0,0,0,0,0,0,0,0,0,0,0,0,0,0,0,0,0,0,0,0,0,0,0,0,0,0,0,0,0,0,0,0,0,0,0,0,0,0,0,0,0,0,0,0,0,0,0,0,0,0,0,0,0,0,0,0,24,0,0,0,0,0,1,0,0,0,0
extraneous,49,5,89,7,5,44,14,8,3,22,3,0,1,18,37,11,3,16,29,19,7,10,1,7,0,12,10,1,2,8,4,2,7,2,0,0,8,4,9,10,1,1,2,0,1,0,1,0,0,1,1,1,2,2,0,2,2,0,1,1,1,0,0,2,2,0,3,0,0,1,0,0,0,0,0,0,0,0,0,0,2,0,2,1,0,0,0,0,0,0,1,0,0,0,1,0,0,0,0,0,0,0,0,0,0,0,0,0,0,0,0,0,0,0,0,0,0,0,0,1,0,0,0,0,0,0,2,0,0,0,0,0,0,0,0,1,0,0,0,0,0,0,0,0,0,0,0,0,0,0,0,0,0,0,0,0,0,0,0,0,0,30,0,0,0,0,0,0,0,0,0
hacked,168,7,178,17,19,71,64,5,14,46,21,6,8,39,77,40,7,32,71,24,3,44,1,14,0,12,17,6,19,11,4,7,31,5,0,0,10,4,7,9,1,2,13,3,5,5,0,2,3,9,3,4,8,15,0,1,2,0,0,2,1,3,1,6,3,0,9,0,2,0,1,0,2,0,3,0,0,0,0,0,0,1,0,4,0,0,0,0,0,0,0,1,1,0,0,0,0,1,3,0,0,1,1,0,0,0,0,1,0,0,2,0,0,0,0,0,0,0,0,0,0,0,0,0,0,0,0,0,0,0,0,0,0,0,0,0,0,0,0,0,1,0,0,0,0,0,0,0,0,0,0,0,0,0,0,0,0,0,0,0,0,0,77,0,0,0,0,0,0,0,0
small-pox,81,7,112,10,15,64,40,14,8,27,10,5,10,17,37,27,7,27,37,19,4,27,0,11,0,13,20,1,7,4,5,2,12,1,0,2,11,6,2,2,0,1,3,2,0,4,1,2,3,6,3,0,8,6,0,1,1,0,0,2,1,0,0,2,3,0,1,0,1,4,0,0,0,0,0,0,0,0,0,0,0,0,4,0,0,0,0,0,0,0,0,0,1,0,0,0,0,0,0,0,0,0,0,0,0,0,0,0,0,0,0,0,0,0,0,0,0,0,0,0,0,0,0,0,0,0,0,0,0,0,0,0,0,0,0,0,0,0,0,0,0,0,0,0,0,0,0,0,0,0,0,0,0,0,0,0,0,0,0,0,0,0,0,43,0,0,0,0,0,0,0
tilting,137,11,205,21,32,96,68,9,14,61,30,4,7,44,67,28,7,26,87,45,11,54,1,14,0,10,15,14,9,16,11,3,31,3,3,0,15,6,8,14,2,1,5,0,2,5,2,2,2,7,2,3,15,9,1,15,2,1,0,1,1,3,1,4,3,1,13,0,2,3,0,0,2,2,1,0,0,0,0,0,1,0,2,0,0,3,1,0,0,0,1,0,0,0,1,2,0,0,0,0,0,0,0,1,0,0,0,1,0,0,0,0,1,0,0,0,0,0,0,0,0,0,0,0,0,1,0,0,0,0,0,0,0,0,0,0,0,0,0,0,0,0,0,0,0,0,0,0,0,0,0,0,0,0,0,0,0,0,0,0,0,0,0,0,94,0,0,0,0,0,0
heather,405,24,890,51,172,391,242,24,42,206,42,45,11,70,154,103,36,96,261,49,20,51,5,38,4,16,53,32,27,42,12,14,45,16,3,1,14,13,15,24,19,6,12,6,31,18,2,6,4,31,10,8,79,45,0,20,5,0,0,3,0,11,5,4,6,1,33,0,1,15,0,0,4,3,0,2,1,1,2,3,5,3,3,2,0,1,0,1,0,0,0,0,0,0,1,0,0,0,0,0,0,1,0,0,6,0,0,1,0,0,0,0,3,0,0,1,0,0,0,0,0,0,0,0,0,0,0,1,0,0,0,0,0,0,0,0,0,0,0,1,0,0,0,0,0,0,0,0,0,0,0,0,0,0,0,1,0,0,0,0,0,0,0,0,0,288,0,0,2,0,0
kaleidoscope,45,1,61,2,0,39,41,3,6,19,5,0,1,6,13,10,4,10,21,8,2,6,0,1,2,2,10,2,2,0,1,1,2,3,0,0,3,0,2,10,0,0,0,0,1,0,0,0,0,1,2,0,0,4,0,0,0,0,0,0,0,0,0,0,0,1,4,0,0,1,0,0,2,0,1,0,0,0,0,0,0,0,0,0,0,0,0,0,0,0,0,0,0,0,0,1,1,0,0,0,0,0,0,0,0,0,0,0,0,0,0,0,0,0,0,0,0,0,0,2,0,0,0,0,0,0,0,0,0,0,0,0,0,0,0,0,0,0,0,0,0,0,0,0,0,0,0,0,0,0,0,0,0,0,0,0,0,0,0,0,1,0,0,0,0,0,23,0,0,0,0
double-edged,22,2,18,4,1,7,18,2,2,6,1,0,4,3,5,5,0,5,14,3,1,6,0,0,0,1,3,0,1,1,0,1,0,0,0,0,0,0,0,2,0,0,0,1,0,0,0,1,0,0,0,0,0,4,0,0,0,0,0,0,0,0,0,1,1,0,0,0,0,0,0,0,0,0,0,0,0,0,0,0,0,0,0,0,0,0,0,0,0,0,0,0,0,0,0,0,0,2,0,0,0,0,0,0,0,0,0,0,0,0,0,0,0,0,0,0,0,0,0,0,0,0,0,0,0,0,0,0,0,0,0,0,0,0,0,0,0,0,0,0,1,0,0,0,0,0,0,0,0,0,0,0,0,0,0,0,0,0,0,0,0,0,0,0,0,0,0,14,0,0,0
tweed,113,0,129,15,18,80,100,6,9,63,17,7,3,12,37,26,7,29,66,12,8,27,0,14,0,4,23,1,7,7,3,1,22,2,1,1,3,2,4,10,1,1,5,0,0,6,0,0,0,6,3,0,7,8,0,6,2,0,1,0,0,1,0,0,3,0,6,0,0,2,0,0,0,0,0,0,0,0,0,0,2,0,1,0,0,2,1,0,0,0,0,0,0,0,0,2,0,0,0,0,7,24,0,0,0,0,0,0,0,0,0,0,1,1,0,0,0,0,0,1,0,0,0,0,0,0,0,0,0,0,0,0,0,0,0,0,2,0,0,0,0,0,0,0,0,0,0,0,0,0,0,0,1,0,0,0,0,0,0,0,0,0,0,0,0,2,0,0,70,0,0
harrow,96,13,107,9,25,54,50,6,12,36,14,3,9,30,58,15,3,23,47,15,4,14,0,9,0,7,14,1,3,7,1,1,17,2,0,1,6,4,3,7,1,3,5,6,2,4,0,0,0,10,0,4,12,4,0,8,2,0,2,0,0,0,0,2,1,0,7,0,0,3,0,0,0,0,0,0,0,0,0,0,1,1,1,5,0,0,0,1,0,0,0,0,0,0,0,0,0,0,0,0,0,0,0,0,0,0,0,0,0,0,0,0,0,0,0,0,0,1,0,0,0,0,0,0,0,0,0,0,0,0,0,0,0,0,0,0,0,1,0,0,0,0,0,0,0,0,0,0,0,0,0,0,0,0,0,0,0,0,0,0,0,0,0,0,0,0,0,0,0,60,0
ebbs,32,3,55,6,12,23,10,7,1,18,5,1,2,14,21,13,5,6,16,12,2,1,0,3,0,6,8,2,6,8,1,2,5,0,1,0,0,0,0,6,1,2,1,1,0,3,1,0,0,3,0,0,5,2,0,0,1,0,0,1,0,0,0,0,2,0,3,0,0,3,0,0,0,0,1,0,0,0,0,0,2,2,3,0,0,1,0,0,0,0,0,0,0,0,0,0,0,0,0,0,0,0,0,0,0,0,0,0,0,0,0,0,1,0,0,0,0,0,0,0,0,0,0,0,0,0,0,0,0,6,0,0,0,0,0,0,0,0,0,1,0,0,0,0,0,0,0,0,0,0,0,0,0,0,0,0,0,0,0,0,0,0,0,0,0,0,0,0,0,0,19
